Subject_ID,School_ID,Subject,Assessment_type,Grade,Session,Item_Name,GradeSort,ShowHistorySubject,Grade_no
1378bf0b4138576ec5742dc9d567ba9a5f4f7a0317881f8046a3ba753bce2b1e,554425139,ELA,Summative,Grade 1,2025-26,Unit 7 Benchmark Test: Working With Electricity,Grade 01,ELA,1
59189da63d9659b9a0d27a4ff50668f63deb1ec56473df5e4eaf7f7792f4407e,554425139,ELA,Summative,Grade 1,2025-26,Chapter 8 Test: More 2-Digit Subtraction,Grade 01,ELA,1
a720323dc14dd9ad56e026a3023452d57e6b40083b31cd1ef1886cde9cf586b5,554425139,ELA,Summative,Grade 4,2025-26,Unit 8 Test: Classifying Plants and Animals,Grade 04,ELA,4
bba0db7ceb7bc0650a43dd9c881b737c666c066b794ce0f9994a4d34c8c0c1ff,554425139,ELA,Summative,Grade 3,2025-26,Unit 8 Test: Forces and Motion,Grade 03,ELA,3
004b4a56b55c0a1a5bff527224c4a09b209bbc04721275da866adb9a02ca3141,554425139,ELA,Summative,Grade 2,2025-26,Lead the Way: Mod 5 Weekly Assessment: Week 1,Grade 02,ELA,2
06bbf8d5bc2601d916692fbad07cf9505416445d11cf87c7f1e33dc2618d0ac9,554425139,ELA,Summative,Grade 4,2025-26,Marvels of Nature: Module 6 Assessment,Grade 04,ELA,4
0a17e7f65c7ae57e9d57a48f4365088afb1ad172f95d3d5cb2ba24798e8e3512,554425139,ELA,Summative,Grade 5,2025-26,A New Home Weekly Assessment: Module 8 Week 1,Grade 05,ELA,5
0a9a8d821c57ffcea48e952ad518abf67d87c6cbd706f64c30a56a88cb2a7706,554425139,ELA,Summative,Grade 4,2025-26,Tricksters and Tall Tales: Weekly Assessment: Mod 7 Week 2,Grade 04,ELA,4
0ad2f051b44dfb13aaa5c58d7c31f516366086f32d3246749e002f2d14e01ef3,554425139,ELA,Summative,Grade 4,2025-26,Art Everywhere: Mod 5 Weekly Assessment Week 2,Grade 04,ELA,4
0b451f4da9b71b8f1f24abbb2ea4f14f69b29bd2dbf94478925ce546b908fc78,554425139,ELA,Summative,Grade 5,2025-26,Project Earth: Weekly Assessment: Module 5 Week 1,Grade 05,ELA,5
0ed57266207cca76aebd9ba7750b4cf29c648c190d67ebd3e266fce3d5fa8e5a,554425139,ELA,Summative,Grade 4,2025-26,Module 3 Assessment: Rise to the Occasion,Grade 04,ELA,4
0ef628656bb9296a2f928c7ad89578ebb52b1e9edef3bd5321b205547e88dcbc,554425139,ELA,Summative,Grade 3,2025-26,Stories on Stage: Module 4 Assessment,Grade 03,ELA,3
0f0e8c2a6963a4a59911bd17b550ef328ad469e5c55532f2e3701dba8becdc6e,554425139,ELA,Summative,Grade 2,2025-26,Weather Wise: Mod 6 Weekly Assessment: Week 1,Grade 02,ELA,2
13e3e5ca99edcc4c86c65dc9ec99fdbb4e3efe29fcb137ae2fe57254c011dd3d,554425139,ELA,Summative,Grade 1,2025-26,Module 8: Tell Me a Story Weekly Assessment: Week 1,Grade 01,ELA,1
1429f72beb3f903c227bef4564dc264344e20df12720423f796163c8deb36aa7,554425139,ELA,Summative,Grade 3,2025-26,"Imagine! Invent!, Weekly Assessment: Week 2",Grade 03,ELA,3
221d607a62fe6745c01ec65d6434ae0fac9074755ad132cd2ba28d83ca6ef488,554425139,ELA,Summative,Grade 5,2025-26,The American West: Weekly Assessment: Module 4 Week 1,Grade 05,ELA,5
22f2f4c12ef2f88176a5e2f6199cd52442d8d30fb1f5694cd0827a6c5e526720,554425139,ELA,Summative,Grade 2,2025-26,Module 2 Assessment: Look Around and Explore!,Grade 02,ELA,2
29334bd14541c63b2d5c46f7204ef74f2727bf1a7df14ea18b2a3e97cb69473b,554425139,ELA,Summative,Grade 2,2025-26,Once Upon a Time: Module 4 Assessment,Grade 02,ELA,2
2ccb5c84f29bcbea04dc50df4e6a51d46ab05e4364cd4b371d32cca0758803f9,554425139,ELA,Summative,Grade 2,2025-26,Weather Wise: Mod 6 Weekly Assessment: Week 2,Grade 02,ELA,2
2d8ac6b0b89a9f8ab06aba2b7f5590bc50eca0919f4ead77fa3d6e087feea28f,554425139,ELA,Summative,Grade 3,2025-26,Teamwork: Weekly Assessment: Mod 5 Week 1,Grade 03,ELA,3
2df560f682ff4d79759d5febc3b9bc221bd1633d74a6f6bbeac84d221ecee840,554425139,ELA,Summative,Grade 4,2025-26,M4 W1 Heroic Feats: Weekly Assessment: Module 4 Week 1,Grade 04,ELA,4
2e12afb2a58017f2defd94ad6b252347a9da8dc99abe5b2de5503d37c2f62cb3,554425139,ELA,Summative,Grade 5,2025-26,Art for Everyone: Mod 6 Weekly Assessment: Week 2,Grade 05,ELA,5
365df630642bd220c4138f1cbaccea2ab80d21eb7afff0f3e5c171124b41e912,554425139,ELA,Summative,Grade 3,2025-26,Stories on Stage: Weekly Assessment: Module 4 Week 2,Grade 03,ELA,3
37a2b132c9793726e5d2cd9ee06938fcf54b3bc3ab054e6abcc73889f6587af0,554425139,ELA,Summative,Grade 1,2025-26,Module 4 Assessment: Better Together,Grade 01,ELA,1
3d8dd4080e919d7dee285d2dae178a5a89535e278e8c8e7c0b40a7c33341c8c7,554425139,ELA,Summative,Grade 5,2025-26,Module 3 Assessment: Natural Disasters,Grade 05,ELA,5
3df4f4562291ce881120517f2e8d0003a14a18747f0a5ed1de93f169e748a4b0,554425139,ELA,Summative,Grade 1,2025-26,The Big Outdoors: Module 7 Assessment,Grade 01,ELA,1
3f6554edb2fe7412821884eff809aae65fdb4ca0beab17dd45b6588b4497fc9e,554425139,ELA,Summative,Grade 4,2025-26,M4 W1 Heroic Feats: Weekly Assessment: Module 4 Week 1 12/18,Grade 04,ELA,4
43733e4f0ef82c586c862723fdcb6973dc84028fd642652696883e85dc2f6e36,554425139,ELA,Summative,Grade 1,2025-26,The Big Outdoors: Mod 7 Weekly Assessment: Week 2,Grade 01,ELA,1
449c55adc29f344ceab9f8b7d56611d7c30d4640b14aabcd840dd948751f9def,554425139,ELA,Summative,Grade 5,2025-26,Art for Everyone: Module 6 Assessment,Grade 05,ELA,5
46277e57626702e11d8672f2ae1f0e5fcb988129a27860f46eb59c916266bca6,554425139,ELA,Summative,Grade 5,2025-26,A New Home: Weekly Assessment: Mod 8 Week 2,Grade 05,ELA,5
49b6525394bca048480aa72fb90c0145abc3a884d970ee9fd6f4c373560abe4a,554425139,ELA,Summative,Grade 4,2025-26,Marvels of Nature: Mod 6 Weekly Assessment: Week 2,Grade 04,ELA,4
4af12105709a58115d48fd8aac1772c569e0b8d6afc4247605aec006c0227944,554425139,ELA,Summative,Grade 3,2025-26,Module 2 Assessment: Use Your Words,Grade 03,ELA,3
4cc1bbece783f3825cf79e824b55251818a59114e1e1cf5884b8f1fbdcf10fba,554425139,ELA,Summative,Grade 4,2025-26,Art Everywhere: Module 5 Assessment,Grade 04,ELA,4
4ed4c90fae24d750cac7b377356256818bf8dce51e220ffd6b41ae395e97ec63,554425139,ELA,Summative,Grade 5,2025-26,Art for Everyone: Mod 6 Weekly Assessment: Week 1,Grade 05,ELA,5
511679d337d1eb45f2d768a88da3a47446ff572aec84d666d63c3ae0ed3aa159,554425139,ELA,Summative,Grade 5,2025-26,Project Earth: Module 5 Assessment,Grade 05,ELA,5
676e3fd152df9d7ee2d21e7362e44c04eaa35626725914b967cefa9a72a2be3e,554425139,ELA,Summative,Grade 3,2025-26,Make a Difference: Weekly Assessment: Mod 7 Week 1,Grade 03,ELA,3
6816e30b3c523920d0908691d05d7ecea202da789eb1b65bb1005251d11c9ee4,554425139,ELA,Summative,Grade 4,2025-26,Heroic Feats: Module 4 Assessment,Grade 04,ELA,4
6c871283bc2b2b1791ff778ea2d2081c99271aec219ba6f50999f3c7f4f7c77c,554425139,ELA,Summative,Grade 4,2025-26,Module 2 Assessment: Come to Your Senses,Grade 04,ELA,4
724e2bde4386025afc361b7bda13030bc3d7d65b8545a36bffb7b4b780fd856b,554425139,ELA,Summative,Grade 2,2025-26,Weather Wise: Module 6 Assesment,Grade 02,ELA,2
74c44037ecc6cb6758c361fc387102d05efe5cf0818331e46c346d558d89127a,554425139,ELA,Summative,Grade 3,2025-26,Stories on Stage: Weekly Assessment: Module 4 Week 1,Grade 03,ELA,3
7c79076390178faaa7fed9a140981890ae039d21e57175ce137d2d74bcb1c4f7,554425139,ELA,Summative,Grade 3,2025-26,Teamwork: Module 5 Assessment,Grade 03,ELA,3
8823acfa587548563a8dd0f024dcc857db9339116ddb0342b7b349a2b5dc814b,554425139,ELA,Summative,Grade 2,2025-26,Lead the Way: Mod 5 Weekly Assessment: Week 2,Grade 02,ELA,2
8a22a3ef2c9e73b429659943833b71f12744302e31234133235b1a062df1b405,554425139,ELA,Summative,Grade 3,2025-26,Teamwork: Weekly Assessment: Mod 5 Week 2,Grade 03,ELA,3
8b4048040ee6bab63f7fe6d34459a81e10ec24d28049761de1d82c4f0eeb5bd8,554425139,ELA,Summative,Grade 3,2025-26,Animal Behaviors: Weekly Assessment: Mod 6 Week 1,Grade 03,ELA,3
8f2429d6b9ea5109ba396b961d1e7219c66cc1108e94fdbe943a44af13b7ec80,554425139,ELA,Summative,Grade 1,2025-26,Celebrate America: Module 6 Assesment,Grade 01,ELA,1
9ae61969fcca242f9f30eb8989ddffef8a1146bca0e8ecf447d6599e8f2f437f,554425139,ELA,Summative,Grade 5,2025-26,The American West: Module 4 Assessment,Grade 05,ELA,5
9b1af398fef98c1394d0d8d40e58340f1d085bfaf1c7fcc438db1a1d2a2ca983,554425139,ELA,Summative,Grade 4,2025-26,Heroic Feats: Weekly Assessment: Module 4 Week 1,Grade 04,ELA,4
9cffa7a2e564d150025337b09157451822f486ea502d345700585afbac5f9d60,554425139,ELA,Summative,Grade 5,2025-26,Project Earth: Mod 5 Weekly Assessment Week 2,Grade 05,ELA,5
9dab5ac404687db35085e5f8ebdeac9dece395a93136d75f094870411c70943c,554425139,ELA,Summative,Grade 3,2025-26,Animal Behaviors: Weekly Assessment: Mod 6 Week 2,Grade 03,ELA,3
a286dc5cf4ac2ac92c5565984ef0b482edeb512e5925789f6183a7e8b5bc0d28,554425139,ELA,Summative,Grade 1,2025-26,"Module 5 Assessment: Now You See It, Now You Dont",Grade 01,ELA,1
a41ec1de7b697e228465144c9365a7b2287240ad515672cbea91ae7d21589798,554425139,ELA,Summative,Grade 3,2025-26,Animal Behaviors: Module 6 Assessment,Grade 03,ELA,3
a42f2b054ad6714a8b7c5068b810227fb91cc9d3ca588d7305daf49daa398f27,554425139,ELA,Summative,Grade 4,2025-26,Tricksters and Tall Tales: Weekly Assessment: Mod 7 Week 1,Grade 04,ELA,4
a443e988223e93d940aa214b7bb103283c7782ad7a728f810ec992c79e494395,554425139,ELA,Summative,Grade 4,2025-26,Heroic Feats: Weekly Assessment: Module 4 Week 2,Grade 04,ELA,4
a6d3e77e068511d348d2378526ad6db9897e6b99d8e316f26733b4a3f89abb7b,554425139,ELA,Summative,Grade 2,2025-26,Lead the Way: Module 5 Assesment,Grade 02,ELA,2
ac11d65b5641e1358b4e5e39f629db5cf683e164415689fbd70c874e36e46070,554425139,ELA,Summative,Grade 2,2025-26,Everyone Has a Story: Mod 7 Weekly Assessment: Week 1,Grade 02,ELA,2
ad33f2e21007e62677e28100643bb051326c9cabb165b621d2ca9b100960892c,554425139,ELA,Summative,Grade 5,2025-26,Module 1 Assessment: Inventors at Work,Grade 05,ELA,5
adc607d8bb23bd6c13bd65382028791a8f1776ae8cf07f8d8913259bfda12cd5,554425139,ELA,Summative,Grade 2,2025-26,Once Upon a Time: Mod 4 Weekly Assessment: Week 2,Grade 02,ELA,2
b1621cbd8dddbb49b557e8d93a785d13bd450b3965e62b94ca09e809d7b8feda,554425139,ELA,Summative,Grade 1,2025-26,Tell Me a Story: Module 8 Assessment,Grade 01,ELA,1
b2792e197c98f47f1f63895511263ebb73b14fc560b743e1a9027eb5e44efc25,554425139,ELA,Summative,Grade 3,2025-26,Make a Difference: Module 7 Assessment,Grade 03,ELA,3
b900521177db44e0ab3b1a02bd47cfd315a81962ec2fca9853f87ed51ae5d379,554425139,ELA,Summative,Grade 3,2025-26,"Imagine! Invent!, Module 8 Weekly Assessment: Week 1",Grade 03,ELA,3
b9c7deaa332ceadfe5b70f6437c957046a8e1f5a8f7830ff7a8093a20682bf09,554425139,ELA,Summative,Grade 5,2025-26,Module 2 Assessment: What a Story,Grade 05,ELA,5
bb0b69b626decb5cd282e9a41aeee8b3403ef9bb29872d5dba3adcbe1c6a7237,554425139,ELA,Summative,Grade 4,2025-26,Art Everywhere: Mod 5 Weekly Assessment Week 1,Grade 04,ELA,4
bcd50426a66a21ce47f361ba6b204e0748c49384969de1606bb8bc5c798f2c11,554425139,ELA,Summative,Grade 4,2025-26,M6W1 Weekly Assessment: Marvels of Nature:,Grade 04,ELA,4
c0ad75f2a9b6da48352fef0075f7f84a609907ec8b3f309bcc56d48890f4378f,554425139,ELA,Summative,Grade 5,2025-26,The American West: Weekly Assessment: Week 2,Grade 05,ELA,5
c2db1e80584d9cb170b8bc83110b9af821995e80be53887b78e7171bfabe5028,554425139,ELA,Summative,Grade 1,2025-26,Module 3 Assessment: Amazing Animals (new),Grade 01,ELA,1
caeef799e26510ee4c56ca638295962730ca5c755b39da060f16998fdb21affa,554425139,ELA,Summative,Grade 3,2025-26,"Imagine! Invent!, Weekly Assessment: Mod 8 Week 1",Grade 03,ELA,3
d41651100687ea823cfacbdc14f406b2f803827d324936ce9dda9dd9c1b71179,554425139,ELA,Summative,Grade 4,2025-26,Marvels of Nature: Mod 6 Weekly Assessment: Week 1,Grade 04,ELA,4
d8627e17830443b1fdadb3d4cc32ef9c82b33a33a2169f2a32ab2ac1cf75868d,554425139,ELA,Summative,Grade 1,2025-26,The Big Outdoors: Mod 7 Weekly Assessment: Week 1,Grade 01,ELA,1
e6c618a97e10afef5dfa4a69bb1b7694794dde0b97193dcda0c505e54fb3a4d3,554425139,ELA,Summative,Grade 3,2025-26,Make a Difference: Weekly Assessment: Mod 7 Week 2,Grade 03,ELA,3
e8d843ae84c1a2d313575efec53fe16fc37b94b9a4717422761a91423093934e,554425139,ELA,Summative,Grade 1,2025-26,Module 8: Tell Me a Story Weekly Assessment: Week 2,Grade 01,ELA,1
ec22764c98e76738781630b39f685af21d874447cbd0066b99b0df697f356b2f,554425139,ELA,Summative,Grade 1,2025-26,Celebrate America: Mod 6 Weekly Assessment: Week 2,Grade 01,ELA,1
f5eef06a6f8e99b58e0c10afcc3de3d4a9c6182d2fb50d9212d25b7517169ef3,554425139,ELA,Summative,Grade 4,2025-26,M4 W2 Heroic Feats: Weekly Assessment: Module 4 Week 2,Grade 04,ELA,4
f932533218d831f790663bb9dbf0914c06b72c22249da80223f76b76dbf1d29d,554425139,ELA,Summative,Grade 2,2025-26,Module 3 Assessment: Meet in the Middle,Grade 02,ELA,2
fc6f9f6bddf1121f655c049b180b8aeeb207f27d8559d1da58a1d68812c9c3d3,554425139,ELA,Summative,Grade 3,2025-26,Module 3 Assessment: Let Freedom Ring!,Grade 03,ELA,3
fcc50df5e63b7c4972accc73999c256ea3d59d2c1a595f836195b4ef8dedbc1d,554425139,ELA,Summative,Grade 2,2025-26,Once Upon a Time: Mod 4 Weekly Assessment: Week 1,Grade 02,ELA,2
d895c9d4524f6c4beb0e88f7f237aba2a10a3af34c3b50e330332e0cd2c81c62,554425139,Math,Summative,Grade 1,2025-26,Unit 2 Part 1,Grade 01,Math,1
044ad59a2eae3eda8cfc9d348a4db1ad1e75ef70968cfb78288010e63e53ce22,554425139,Math,Summative,Grade 1,2025-26,Chapter 8 Test: More Addition Strategies,Grade 01,Math,1
04549eac97715f9e46e1b3767a85c60634b92debdf37fd1f431eeb9f168fd498,554425139,Science,Summative,Grade 4,2025-26,Unit 3 Test: Earth's Place in Space,Grade 04,Science,4
057db99522669be73534bb93bf065acec802c128968fdb2204214fa2790394a4,554425139,Math,Summative,Grade 4,2025-26,"Chapter 7 Test: Factors, Multiples, and Number Patterns",Grade 04,Math,4
059736b8c13aa29facb312c3250df517b1bc1f361286cad9a347afb278901b1c,554425139,Math,Summative,Grade 3,2025-26,Chapter 9 Test: Apply Multiplication and Division,Grade 03,Math,3
074cb4b5d7854eb1eeeacaa54ef8a5784fbaa287a66b97a8ef07b4b743b61244,554425139,Math,Summative,Grade 1,2025-26,Chapter 15 Test: Time,Grade 01,Math,1
0e316bc32932edbf3fd37f32756544201a2a34b869e7e78096a5388c944d8cd7,554425139,Science,Summative,Grade 1,2025-26,Unit 6 Benchmark Test: Motion,Grade 01,Science,1
0fb919f3f92e875c381ac3c87ccc10ef49787ef5d88d80408d0a16748bba5bf8,554425139,Science,Summative,Grade 4,2025-26,Unit 6 Test: Matter and Its Changes,Grade 04,Science,4
119c699ffe234461b3fe5f80dae690a3eabda7d9744e3e5a4a737466f95526b8,554425139,Science,Summative,Grade 2,2025-26,Unit 6 Test: Matter Can Change,Grade 02,Science,2
14c0332ffa160a129a2e4b98ad52adf691856edc5cb57dd718463985fae3c4cb,554425139,Science,Summative,Grade 2,2025-26,Unit 9 Test: The Human Body,Grade 02,Science,2
15017accd87370aaac40b17a35544a0bfd14003f3453e63e677a4dea63eaae23,554425139,Science,Summative,Grade 2,2025-26,Unit 5 Benchmark Test: All About Matter,Grade 02,Science,2
17f94e408c5015f6fc7f6e36f165b14bd857fd925284978017f1f7cc0e66ec95,554425139,Science,Summative,Grade 1,2025-26,Unit 1 Benchmark Test: How Scientists Work,Grade 01,Science,1
1d02f3386adec14f17ccf3ae913521dc8e664a23715432abce0c34764b687594,554425139,Science,Summative,Grade 4,2025-26,Unit 11 Test: Organisms and Their Environment,Grade 04,Science,4
203e237192de5cfce578c8d3b22aace6d3808d89e47a7bd12f9466d2471dc227,554425139,Math,Summative,Grade 5,2025-26,Chapter 12 Test: Algebra: Expressions,Grade 05,Math,5
27967901739cc387446bc03c427fdad99bc1e44efcaa1a31d45469ab9e7684a1,554425139,Math,Summative,Grade 5,2025-26,Chapter 3 Test: Place Value and Decimals,Grade 05,Math,5
27ffa5464bbc86019ea6a65e711b65d79d94ee4752fb4f4ac1270deb2cf9f947,554425139,Math,Summative,Grade 2,2025-26,Chapter 4 Test: Equal Groups,Grade 02,Math,2
2a4a3ef231ea0e39a18722846934d14abb23793cdfd6c2acc5d2c3ae361c3cf2,554425139,Math,Summative,Grade 2,2025-26,Chapter 9 Test: 2-Digit Addition and Subtraction,Grade 02,Math,2
2b21115e5329f2f37c440986d4007d23ba2edfba70c7c87ed0e9ae9698cbf9fa,554425139,Math,Summative,Grade 1,2025-26,Chapter 10 Test: Addition and Subtraction Relationships,Grade 01,Math,1
2c10bdec43c3a9dcd0a15436c01e23fd5bd1bb7bbf7ac51a547f6fa8e1cdeeb9,554425139,Math,Summative,Grade 3,2025-26,Chapter 11 Test: Understand Perimeter,Grade 03,Math,3
2d1bcc038d55f794c5531192802962248c549603d48ddd32c6b5a34894d55928,554425139,HS World History,Summative,Higher-Ed,2025-26,Topic 4: The Americas (Prehistory?A.D. 1570),Higher-Ed,HS World History,d
311d1d8c4342d374779bd3e2305cf177fabb017da651d5c071c61ebeaf30631e,554425139,Math,Summative,Grade 5,2025-26,Chapter 4 Test: Add and Subtract Decimals,Grade 05,Math,5
318fd81878dc66189a03766230d812661c9104c3b7e4fc9e596323d0a896bf38,554425139,Science,Summative,Grade 3,2025-26,Unit 8 Test: Classifying Plants and Animals,Grade 03,Science,3
394ceafc0d3ec5e5551ab5755252424970056ea1e350205c5dce960688a94002,554425139,Math,Summative,Grade 2,2025-26,Chapter 14 Test: Length in Metric Units,Grade 02,Math,2
3b079f1ad9308f072e71b1641c4446decd01a78e9f6211077306fb77d404c68d,554425139,Science,Summative,Grade 4,2025-26,Unit 10 Test: Life Cycles and Growth,Grade 04,Science,4
3b57ebc22e86dc1722b092122d0daa1f8bfe1060f3936fa9dd457a4828f96361,554425139,Math,Summative,Grade 5,2025-26,Chapter 1 Test: Understand Multiplication and Division of Whole Numbers,Grade 05,Math,5
3e146bbe2c64bdf2d74bac68b5bf839e44050afbef52509fa12312dabe13a169,554425139,Math,Summative,Grade 2,2025-26,Chapter 13 Test: Length in Customary Units,Grade 02,Math,2
41945ea9a5d5aa3090646158da618d0f25f22763e37dbc06aa66e31595440522,554425139,Math,Summative,Grade 5,2025-26,Chapter 13 Test: Perimeter and Area of Rectangles with Fractional and Decimal Side Lengths,Grade 05,Math,5
474520938130b52dd5a33c28e7fa9b51e417c0e631c5319c9a61910d319b32f1,554425139,Science,Summative,Grade 1,2025-26,Unit 4 Benchmark Test: Earth?s Resources,Grade 01,Science,1
49690812b09640f624759e12afa3e78394c2a08bac9183b57190daa6f2c1f6b6,554425139,HS Economics,Summative,Higher-Ed,2025-26,Topic 1,Higher-Ed,HS Economics,d
50455eee8958ea489c3a6fe0a65869aabca03616c78acd9b7c901a93fe423539,554425139,Science,Summative,Grade 1,2025-26,Unit 3 Benchmark Test: Objects in the Sky,Grade 01,Science,1
523cdbec19715801baae8fdd0f80054687e68dbd5797c0f43ff128042e2767c2,554425139,Math,Summative,Grade 5,2025-26,Chapter 5 Test: Multiply Decimals and Whole Numbers,Grade 05,Math,5
5294c3c3a1fa6c5ca690bd22540732e1c503cb71d6dfe60aaf83d443244a4fe2,554425139,Science,Summative,Grade 1,2025-26,Unit 9 Benchmark Test: Plant and Animal Needs,Grade 01,Science,1
5c5d853b6280277ce2f58d329aa18b12e7f1c41e93c99e1e2882439e8da0adcc,554425139,Science,Summative,Grade 5,2025-26,Unit 1 Benchmark Test: Scientists at Work,Grade 05,Science,5
5c72e24d3e318f0194d0078249a948f2fc9a655c16ff6101dc1a95aff9ab87aa,554425139,Science,Summative,Grade 5,2025-26,Unit 2 Benchmark Test: The Engineering Process,Grade 05,Science,5
6038a19f062fccc0cb74ac2a0ca632327429d138192fdd57dcdb5212e6158320,554425139,Science,Summative,Grade 1,2025-26,Unit 5 Benchmark Test: Matter,Grade 01,Science,1
61c7778db948d0546007edecd5732bc23e55d1b59c0071a969735c98eb25abb2,554425139,Science,Summative,Grade 5,2025-26,Unit 6 Benchmark Test: Forms of Energy,Grade 05,Science,5
62f095de11911813ce271538d064ec76dc8a5e11c9ea8d738b7fd8d42117b1b7,554425139,Math,Summative,Grade 2,2025-26,Chapter 12 Test: Time,Grade 02,Math,2
64b859ca0323294ddc549d8d79267dbffe6c87f2ff3fee5d3ff71547cf61f98a,554425139,Science,Summative,Grade 5,2025-26,"Unit 4 Benchmark: Weather, Climate, and the Water Cycle",Grade 05,Science,5
65b2360171ac3d3bfa60dfb4e8ae5cc59c6acea7fa61df202a60f1a6b5c3fb79,554425139,Math,Summative,Grade 1,2025-26,Chapter 7 Test: Subtraction Strategies,Grade 01,Math,1
668b493e6b7d1ae76b60593820f8cd0e7ffc8249656d55197e33e1fc6a57a34a,554425139,Math,Summative,Grade 2,2025-26,Chapter 11 Test: Money,Grade 02,Math,2
66f43f65c614c560c022af37b512068a1126c4b6b77832f5018ee6543a65bfc1,554425139,Math,Summative,Grade 1,2025-26,Chapter 1 Test: Counting and Number Sense,Grade 01,Math,1
69e19e56d94b7193b63e20b51ae8349d95e65dd938d7232b1f674242dacec782,554425139,Math,Summative,Grade 3,2025-26,Chapter 6 Test: Multiplication with Multiples of 10 and 100,Grade 03,Math,3
6ab61bdfbc9ae0ddd5364282dc57dabdc344167edbafb63ae5fab51d405f457a,554425139,HS Honors Algebra I,Summative,Higher-Ed,2025-26,Topic 3 Assessment A,Higher-Ed,HS Honors Algebra I,d
6c9eaf31364e66a5e03a665e3726f7732394ea953e3ec4e90240e764ac094f20,554425139,Math,Summative,Grade 3,2025-26,Chapter 13 Test: Understand Fractions as Numbers,Grade 03,Math,3
6df06a670aa15f31de49295bd27cf382a3a507ac53a7376e6d9afbcd6fbbb544,554425139,Math,Summative,Grade 4,2025-26,Chapter 5 Test: Divide by 1-Digit Numbers,Grade 04,Math,4
6f4b9f2664b3490bef42815d5adfda0b3314d966569b66557bee8fe0f17cb95c,554425139,Math,Summative,Grade 1,2025-26,Chapter 14 Test: Measurement,Grade 01,Math,1
6f646f4631b259334aec1ae7d75f571a1a145f370ad14643c76a12e116a8ede7,554425139,HS World History,Summative,Higher-Ed,2025-26,Topic 5: The Renaissance and Reformation (1300?1650),Higher-Ed,HS World History,d
7069654b5f8030f539e666d4285bdfbc1f4bd64c393a0bbac9f0fb9cbde36de5,554425139,Science,Summative,Grade 4,2025-26,Unit 1 Test: Studying Science,Grade 04,Science,4
74a8eb3810a4f89774bae2bd658511d4ebdaf1f3571d739fc8f8e009c2e1d976,554425139,Science,Summative,Grade 1,2025-26,Unit 8 Benchmark Test: Living Things and  Their Parents,Grade 01,Science,1
75d466ffb7bd721aa0feb67bdbe6398bdc44c4818ce7c3a3a194d3973ba3d3a9,554425139,Math,Summative,Grade 2,2025-26,Chapter 7 Test: 2-Digit Subtraction,Grade 02,Math,2
772af42dd019ed3791ce6829262c81f696f0e7fb5a397fd00715411bb53e2a18,554425139,Math,Summative,Grade 5,2025-26,Chapter 2 Test: Practice Multiplication and Division of Whole Numbers,Grade 05,Math,5
792a8b0d7d9f73f5de2d089ddc74eb14a5344cba43f070b3db8271ccc9e84913,554425139,Math,Summative,Grade 5,2025-26,Chapter 10 Test: Multiply Fractions,Grade 05,Math,5
792dc53c62a4133ab3198afd3c325e5ee7440759add4b4719a6beb1a0abdfe07,554425139,Science,Summative,Grade 2,2025-26,Unit 2 Benchmark: Technology In Our World,Grade 02,Science,2
7d77e3091fd58eaeaf83bcf24d9bd04dbf04a6ad6ef8a655b99f41ea15e135f5,554425139,Math,Summative,Grade 5,2025-26,Chapter 9 Test: Add and Subtract Fractions and Mixed Numbers with Unlike Denominators,Grade 05,Math,5
7d94d98454542033bf07e791c0ddbae8f57b1ec5e215b164c7e6ad8b72e02a35,554425139,Math,Summative,Grade 4,2025-26,Chapter 11 Test: Multiply Fractions and Whole Numbers,Grade 04,Math,4
827d4ca5d22559ebc3be88bfc7f4cce41970006bdc712033c94afdb428136207,554425139,Science,Summative,Grade 3,2025-26,Unit 4 Test: Properties of Matter,Grade 03,Science,3
839c931ee7cafcf6dc0137c560a0b6012c1638b1442e67f94b0ac7f243dc61a1,554425139,Science,Summative,Grade 3,2025-26,Unit 3 Benchmark Test: Earth and Stars,Grade 03,Science,3
86cd9e9e959f8ac4bfe860fd083bf308c14f797734d5e9aab6c93c1197725a38,554425139,Science,Summative,Grade 5,2025-26,Unit 7 Benchmark Test: Working With Electricity,Grade 05,Science,5
8fed0675f10442c3292fe4b34e122298c8594a92b5b1b6ba21778047077cb0e3,554425139,Science,Summative,Grade 2,2025-26,Unit 7 Benchmark Test: Energy,Grade 02,Science,2
930ec32fdf1826e0c5a60141bd124dc526ea7f13b7e5ff24bbde6387fc992257,554425139,Math,Summative,Grade 2,2025-26,Chapter 6 Test: More 2-Digit Addition,Grade 02,Math,2
95618cc6e38eec5f6754af9e0680a7dc801af08ef831ba10b56c33128911c409,554425139,Science,Summative,Grade 5,2025-26,Unit 11 Benchmark Test: Plants and Animal Adaptations,Grade 05,Science,5
95afa9dc46fc1ca04e81035e9ab0768c9e63f20646afde5c19de4ada776351ab,554425139,Science,Summative,Grade 2,2025-26,Unit 4 Benchmark Test: Weather,Grade 02,Science,2
9be1df3dc757364c4485fe893d3347cba036d362a0cd6e102d339d4749309536,554425139,Math,Summative,Grade 3,2025-26,Chapter 2 Test: Addition and Subtraction Strategies,Grade 03,Math,3
a1cd7b2c101ba7e6f7aeac3bcbb449929355a6250863642ad9af75a918fd581b,554425139,Math,Summative,Grade 2,2025-26,Chapter 15 Test: Geometry,Grade 02,Math,2
a3c2a13c6795c84bf9a99861867ed84ea4fefa928818dbe633b192ae2013c69a,554425139,Math,Summative,Grade 4,2025-26,Chapter 1 Test: Whole Number Place Value,Grade 04,Math,4
a6304ff698b9abc92686a5378fb4cd27b55d48d15577e5d70857cf1693bfe1f7,554425139,HS English I,Summative,Grade 9,2025-26,Unit 2 Part 1,Grade 09,HS English I,9
a7c83483a791b5eb996d775edcb79b5bed4d411cf37f709ab0beaa83daa56578,554425139,Math,Summative,Grade 4,2025-26,Chapter 8 Test: Fraction Equivalence,Grade 04,Math,4
a97db94c4d9ab02a640dbb45707268dc06a2ba5db79d1d219e8588ec785c73b4,554425139,Math,Summative,Grade 2,2025-26,Chapter 1 Test: Understand Place Value,Grade 02,Math,2
aa55a154ba067ecea5cc591391dfd4ed2e7967e0487fb8d70db8dfa399d30881,554425139,Science,Summative,Grade 3,2025-26,Unit 7 Benchmark Test: Plants and the Environment,Grade 03,Science,3
aa6312a16e7ba99881eeeeeb28227be30631256d7a69e70ccfdcbaf85b9d4569,554425139,Science,Summative,Grade 4,2025-26,Unit 9 Test: Forces and Motion,Grade 04,Science,4
aba744b4b894cd4086f0ff8d06dd42ecd4d8fe1bad5fd9370a2199518ca32407,554425139,Science,Summative,Grade 3,2025-26,Unit 1 Benchmark Test: Investigating Questions,Grade 03,Science,3
b0315d325ba9760b6f4eee972b5e089fe21968fd181b2192fcdff4c4831b95c8,554425139,Science,Summative,Grade 5,2025-26,Unit 10 Benchmark Test: Changes in Environments,Grade 05,Science,5
b1049183956a43178c11985b4900f0ff81d5d438b69a9d3b00c84d05893a2a22,554425139,Math,Summative,Grade 1,2025-26,Chapter 6 Test: Addition Strategies,Grade 01,Math,1
b1cdd2cff533d221a1868b13046196e1bb2051d803c0c8f61f07ef8a4039c213,554425139,Math,Summative,Grade 1,2025-26,Chapter 13 Test: Fraction Concepts,Grade 01,Math,1
b22a4f8fcc302e0c456e3b08ba51c46f88822b1dba0eae151ffce6f842655693,554425139,Math,Summative,Grade 3,2025-26,Chapter 5 Test: Multiplication Facts and Strategies,Grade 03,Math,3
b3b21da63488470a66f529eaa2f2ec3e88e2c3f8dd59df174a9291eef7ca31bf,554425139,Science,Summative,Grade 2,2025-26,Unit 3 Benchmark Test: Earth's Surface,Grade 02,Science,2
b5cd3fa15a1074c9a8b65a3f131f921209ed6a42f907eac11df91a903e0ca03e,554425139,Math,Summative,Grade 4,2025-26,Chapter 3 Test: Multiply by 2-Digit Numbers,Grade 04,Math,4
bdf80c25fa9979c08bb333f46edbd6de49d84338d200efb0f4d3b0b8cc366e1e,554425139,Math,Summative,Grade 1,2025-26,Chapter 4 Test: Addition Concepts,Grade 01,Math,1
c27e65cd5f375202eb26a0aeb6a40424de8d5d86d9d51ca262bcd81e9173c80d,554425139,Math,Summative,Grade 5,2025-26,Chapter 6 Test: Multiply Decimals,Grade 05,Math,5
c510b3803ccdd88bd26c129826d4b686106895607d0974355c85b568e1973637,554425139,Math,Summative,Grade 3,2025-26,Chapter 14 Test: Compare Fractions and Identify Equivalent Fractions,Grade 03,Math,3
c829f8ceb258f284f24347fe552b824ed26525a06eff3d341f32f277fd43a6e3,554425139,Math,Summative,Grade 5,2025-26,Chapter 11 Test: Divide Fractions,Grade 05,Math,5
ca39e37140ae854a692b172d8ac452de4774c28093e078e93eee4617a60ba7b5,554425139,Math,Summative,Grade 3,2025-26,Chapter 12 Test: Time Measurement and Intervals,Grade 03,Math,3
ccddfc8c0c7b2cc50059c1ffcf9a90b5a132b33aab9feffeba0d52d8f1a610d9,554425139,Science,Summative,Grade 5,2025-26,Unit 5 Benchmark Test: The Nature of Matter,Grade 05,Science,5
ce372881350ca2a60a1535a769f8a760cf8a95b429e84557d088ce6921bf58fe,554425139,Science,Summative,Grade 5,2025-26,Unit 3 Benchmark Test: The Solar System and the Universe,Grade 05,Science,5
ceec481b75f0a8e510cce5da6d3417a05597ac02a369ba4af84e005a6f73f8a2,554425139,Science,Summative,Grade 4,2025-26,"Unit 4 Test: Rocks, Minerals and Resources",Grade 04,Science,4
d4ba1048e7d3299b807ff0d111ac944691e28d828cc42aa5c89b379bf828800a,554425139,Math,Summative,Grade 5,2025-26,Chapter 7 Test: Divide Decimals,Grade 05,Math,5
d542f69a73375fa3cb65b4cf25958dc51e7410f4bd99a4b5b3e75151d7d8e9b4,554425139,Science,Summative,Grade 5,2025-26,Unit 9 Benchmark Test: The Structure of Living Things,Grade 05,Science,5
d6b4114ab401b421fd05efa03edb3b75f2b14f0ab566435fc7914612a607bf35,554425139,Math,Summative,Grade 1,2025-26,Chapter 5 Test: Subtraction Concepts,Grade 01,Math,1
daa04250361e69405ef7b5a81f39794b55c47bb95fce93f9251ddaef5c9fbf52,554425139,Math,Summative,Grade 2,2025-26,Chapter 5 Test: 2-Digit Addition,Grade 02,Math,2
deef0d4d020ebdc7ae10d2cbb99ae04bb017e3d098fbf6a4c073c0c130472c0e,554425139,Math,Summative,Grade 3,2025-26,Chapter 7 Test: Understand Division,Grade 03,Math,3
e31cc8f7444b17a84f28464b50c556627dcd2a6aa613471929e378f314e11bd9,554425139,Science,Summative,Grade 4,2025-26,Unit 8 Test: Heat,Grade 04,Science,4
e5beacdb4d231e18e7da1666db6603968c7eaf280e607d961811eb042ae11811,554425139,Math,Summative,Grade 1,2025-26,Chapter 12 Test: Geometry: Two-Dimensional Shapes,Grade 01,Math,1
e66aa756e5eb9a9762bc4998f4cce86f83b3bbc4e0697df143e7e4ec4ac8af5a,554425139,Math,Summative,Grade 1,2025-26,Chapter 11 Test: Geometry: Three-Dimensional Solids,Grade 01,Math,1
e754626b858119386d1f3e6e13206a37d2cbab3015919efb5ed9657ba8ff12e6,554425139,Math,Summative,Grade 4,2025-26,Chapter 6 Test: Apply Multiplication to Perimeter and Area,Grade 04,Math,4
e9cef10e2cf2011142c65cd59603a3dffd35cd085f5e94255baecf05bd5e6144,554425139,Math,Summative,Grade 3,2025-26,Chapter 8 Test: Division Facts and Strategies,Grade 03,Math,3
ebd1c49d27f809c23d3cd43a4ada56d3cb66d1f5dd5bc8d865393a84cc5d93c8,554425139,Science,Summative,Grade 4,2025-26,Unit 2 Test: The Engineering Process,Grade 04,Science,4
ee1390854c16fac9908cf5fef55a7b76871c4f10764066b66d3d67d2217150c5,554425139,Math,Summative,Grade 5,2025-26,Chapter 14 Test: Classify Two-Dimensional and Three-Dimensional Figures,Grade 05,Math,5
ee554a0d5c4ccd3b2268b43375a872adc887fbe3a8a86fd92591fda33b7c6227,554425139,Science,Summative,Grade 2,2025-26,Unit 8 Test: Forces and Motion,Grade 02,Science,2
f04888988dec71fc69d80fa35dff62ad54263807aedbfd3967a51f96c68cbd09,554425139,Math,Summative,Grade 1,2025-26,Chapter 9 Test: Money,Grade 01,Math,1
f0d00b5122dd463cb76e54405b144665375e091941fdac73995e5a318d9470dc,554425139,HS English I,Summative,Grade 9,2025-26,Unit 2 Part 1,Grade 09,HS English I,9
f208e5fa97ef0e39cba32dbc4b723626912990780125dab7673d4cf4baddc344,554425139,Science,Summative,Grade 4,2025-26,Unit 5 Test: Matter and Its Properties,Grade 04,Science,4
f55404c45c674ff097e6dffc9b6fa3a6b736bf194041a056fb2a48c045bf1031,554425139,Math,Summative,Grade 5,2025-26,Chapter 15 Test: Volume,Grade 05,Math,5
f7d8416f2c64d0dd61be40d1f31cfc6c6286f37527c3450ac61a72709217b23f,554425139,Science,Summative,Grade 4,2025-26,Unit 7 Test: Energy and Its Uses,Grade 04,Science,4
f8708ad2f111014531af0ec69005611f46f07a0d834bb29f117a37d731e9cb39,554425139,Math,Summative,Grade 2,2025-26,Chapter 8 Test: More 2-Digit Subtraction,Grade 02,Math,2
f90c9f3ef1e12610b66b8b15c8bf54f8033e8c4dd0cc394b14ff9a69096ccb92,554425139,Math,Summative,Grade 3,2025-26,Chapter 4 Test: Understand Multiplication,Grade 03,Math,3
f9e2460eb5544502b7f44d904b8b98f74fafbe410bc2af933f481c796c14c424,554425139,Science,Summative,Grade 5,2025-26,Unit 8 Benchmark Test: Forces and Motion,Grade 05,Science,5
f9ffbca61d41856b743a88b01c8a38ea45c8e94bfc21f73675b62fb2f61b20b5,554425139,Math,Summative,Grade 5,2025-26,Chapter 8 Test: Add and Subtract Fractions with Unlike Denominators,Grade 05,Math,5
fa8f133e1340f4b030f88b6693d1cc8501cbef078fd5d37413980b0e2074515a,554425139,Math,Summative,Grade 4,2025-26,Chapter 9 Test: Compare Fractions,Grade 04,Math,4
fab1f53cfa0d1fac77cd174845a9371289e439565cbecf1956355e5ee22c4c84,554425139,Math,Summative,Grade 4,2025-26,Chapter 4 Test: Division Strategies,Grade 04,Math,4
fb3b021dba9fceab5628e89d84e8ede57d8f7de928a7ca93fa02ccd8ace01949,554425139,HS World History,Summative,Higher-Ed,2025-26,Topic 6: New Global Connections (1415?1796),Higher-Ed,HS World History,d
6653dc1f412f1a509af8e260dd695d321a359fb622a8f948305a8f3995482fd5,554425139,HS English I,Summative,Grade 9,2025-26,Unit 2 Part 1,Grade 09,HS English I,9
50a160f9c492dcfbc474a3063a61f955b56136c32fec9dda4e7a3d1b9b8d7167,554425139,Math,Topic,Grade 10,2025-26,Topic 3,Grade 10,Math,0
534b7c5f8f1b6495875c958f68a2ccb8ebe62a4e7c20e06c4b5f8b80fb409179,554425139,HS Geometry,Topic,Grade 10,2025-26,Topic 2,Grade 10,HS Geometry,0
00b6e37f91290fa85cd099ffbd4e45e54d64c1f30239dba0f53a6cac3d474d28,554425139,HS Geometry,Topic,Grade 10,2025-26,Topic 4,Grade 10,HS Geometry,0
01b0d572f195ca24f5ca17b133fbbb0e49d021dd25e1517259f1eb667be9ab72,554425139,History,Topic,Grade 8,2025-26,Topic 5: The Early Republic (1789-1825),Grade 08,US History,8
01d115abb98ea7e2885f63ca3ade9da9b235d52f82d9d5fa26d2b1bc0562d849,554425139,HS Algebra I,Topic,Grade 9,2025-26,Topic 3,Grade 09,HS Algebra I,9
069211f70d0689709f7e060bc049fa84d1e6ea4c3943885edc140961a9fb9fa0,554425139,HS Algebra I,Topic,Grade 9,2025-26,Topic 8,Grade 09,HS Algebra I,9
0ae837ae4ba7e76eb2fb06a506ac86247fa7b37ece9262b7b4995600ff157918,554425139,HS United States History,Topic,Higher-Ed,2025-26,Topic 10: The Vietnam War Era (1954–1975),Higher-Ed,HS United States History,d
0ba26a011db5c0585d8cf6670bd38a8f2e2fb1ebc5eb11b76a57d9244a4be3d7,554425139,Algebra,Topic,Grade 8,2025-26,Topic 6,Grade 08,Algebra,8
0c2310cb28b9021a7fa9f246aeca092f3e0e20d52f7f76ac6e3df6ce741949f3,554425139,HS Geometry,Topic,Grade 10,2025-26,Topic 5,Grade 10,HS Geometry,0
0d42569a24ca0995e159ce3ce93394f9df6b4e11c41d3ba69e4dc876e7fb294b,554425139,HS Algebra I,Topic,Grade 9,2025-26,Topic 2,Grade 09,HS Algebra I,9
1038f179d4ba3619c8cf6c249b5729d73e5179a6148cb5b5fa25034269053f30,554425139,HS Algebra I,Topic,Grade 9,2025-26,Topic 7,Grade 09,HS Algebra I,9
12652cd2b2c5c632c370867df6e43a8e294821dd425e163e1c05cdfbbeec9a1a,554425139,History,Topic,Grade 6,2025-26,Topic 4: Early Civilizations of India (2600 BCE - 540 CE),Grade 06,World History,6
15e7bdc64d2ed228e7bba07ad7a5800289ce16c3ae7920f4227cf16f2e17fe5b,554425139,Civics,Topic,Grade 7,2025-26,Topic 5: Our Constitutional Government: Join in Civil Conversations,Grade 07,Civics,7
1640c0e3f41f80dc88567c296e9e083c8b85227db4d88e827883ac7a4d224c75,554425139,HS United States History,Topic,Higher-Ed,2025-26,Topic 9: Civil Rights and Reform in the 1960s (1945–1968),Higher-Ed,HS United States History,d
1f987b33ef36a71172ca058d8a96076d1d9f864b086495be6499a59a7b72b092,554425139,HS Physics,Topic,Higher-Ed,2025-26,Investigation 7: Energy,Higher-Ed,HS Physics,d
200dd5f1955db68bfb816227ad65f0b0a92247a7b094fa400410cad8a5094167,554425139,History,Topic,Grade 6,2025-26,Topic 7: The Roman Republic (800 BCE - 30 BCE),Grade 06,World History,6
20719d3386f4971b4560233102e077e3b6f23d9c9e23a824c2a38aafd6b47385,554425139,Algebra,Topic,Grade 8,2025-26,Topic 3,Grade 08,Algebra,8
209dcab0da2c91867670c174eb7c36307a3ae2be3adb1768ada7f141720434c3,554425139,HS Algebra I,Topic,Grade 9,2025-26,Topic 5,Grade 09,HS Algebra I,9
215425464c5bb4e65c28244f5969c396db6a9daa8a7b5ce80633d85739ce5051,554425139,Science,Topic,Grade 8,2025-26,Introduction to Matter,Grade 08,Science,8
2967f8587330ac4ae4ce888cae67518ed201379b8b5ea78e0246a0c0fece2f9c,554425139,Civics,Topic,Grade 7,2025-26,Topic 12: Government and the Economy: Express Ideas Effectively,Grade 07,Civics,7
2bbab3eed5178bf8843c4d5dd3d4152c66a5ebb5b19a0b2807a37d751f45f197,554425139,Math,Topic,Grade 6,2025-26,Topic 5,Grade 06,Math,6
2f49e4c16483b3bb86501003480e29a9925ad4d274d0d852258277999811eabf,554425139,History,Topic,Grade 8,2025-26,Topic 8: Sectionalism and Civil War (1820-1865),Grade 08,US History,8
33c2516c9f6ea6fb9a653e4525728965f4473893008bb1bb19b6fd254dc3fc2a,554425139,HS United States History,Topic,Higher-Ed,2025-26,Topic 6: The Great Depression and the New Deal (1928-1941),Higher-Ed,HS United States History,d
346ab4debee2b3a6375a984270abaa763b20608ead0ab88b34d5cbec540f1318,554425139,HS Geometry,Topic,Grade 10,2025-26,Topic 3,Grade 10,HS Geometry,0
39338c08ab24d3c16568b9a602efcef376e0852287d3725f4178215e87d607bd,554425139,Algebra,Topic,Grade 8,2025-26,Topic 1,Grade 08,Algebra,8
3b38b4081f8121b534551255c61b785a719c151ebe781cd441908720ef5626d6,554425139,HS United States History,Topic,Higher-Ed,2025-26,Topic 7: World War II,Higher-Ed,HS United States History,d
3c5b662a5b6f8fb413ed3ff57b40f72f958ecbb994f9a004d6c3c3a8c562aa27,554425139,HS Economics,Topic,Higher-Ed,2025-26,Topic 6,Higher-Ed,HS Economics,d
3e764140107418cea79acf2ed17358811403c2231c540aff3dc411dc8bf9e7e4,554425139,History,Topic,Grade 6,2025-26,Topic 6: Ancient Greece (2000 BCE - 300 BCE),Grade 06,World History,6
3ef522b993f53f066f81d8937b21826157ecaedb9cd2b5d5204ffa59ee8998d2,554425139,Math,Topic,Grade 7,2025-26,Topic 2,Grade 07,Math,7
4475a4ae98ab37e15a8beb3f48e8026df9ee6c738755d14ec676243c6aed2430,554425139,HS World History,Topic,Higher-Ed,2025-26,Topic 10: The Age of Imperialism (1800–1914),Higher-Ed,HS World History,d
45b0df5437d191665c793a5ad704602c57479f36ce06740590f2d351b14ace38,554425139,HS Algebra I,Topic,Grade 9,2025-26,Topic 4,Grade 09,HS Algebra I,9
468acca31bfc501ca9452d6661da67bcb49975aca051c5806b33b6c411c77010,554425139,Science,Topic,Grade 6,2025-26,Topic 3: Weather and Climate,Grade 06,Science,6
4a7eff296e97699d28b229082c7ed125be8b8d8db17c955ce34ac5219099dc27,554425139,Math,Topic,Grade 6,2025-26,Topic 3,Grade 06,Math,6
4db0e66fac76b448c797c16a2da66d79998866ab3f6531d3a34977dd02bd14ac,554425139,HS Alegra II,Topic,Higher-Ed,2025-26,Topic 2,Higher-Ed,HS Alegra II,d
50a001e23c1f1750fc81871e6dfa39d43d9d740153bedeb48a799ed767e2ef53,554425139,Science,Topic,Grade 6,2025-26,Topic 2 Energy in the Atmosphere and Ocean,Grade 06,Science,6
53101ef2f0bc13ba89c3ad8dffc7549141a6230fbfa5850b0ea6961d19b24a6f,554425139,Science,Topic,Grade 6,2025-26,Topic 6: Plate Tectonics,Grade 06,Science,6
533b73d866ca5efbade13cde8fc64a163bcaa3efea762b6f6bc391c4a357ad82,554425139,Math,Topic,Grade 8,2025-26,Topic 3,Grade 08,Math,8
5759c0bb844977d8383eb6a176198d4145c7e2b807935338dc4becc5b756cec5,554425139,Civics,Topic,Grade 7,2025-26,Topic 10: The United States and the World: Make Decisions,Grade 07,Civics,7
5bc91b6ce8e49291cd0e1f0e1473b89a09bbc2f2775538d81374d3f752511bc4,554425139,Science,Topic,Grade 6,2025-26,Topic 5: Minerals and Rocks in the Geosphere,Grade 06,Science,6
5c6cee71162a752162151829d8ee2546da212a34506fdae83c6064b30b1cbb85,554425139,Math,Topic,Grade 7,2025-26,Topic 6,Grade 07,Math,7
5df7887fd8cbda5b1337b1d86602171895260bdd6263176782214e5f0568ec1d,554425139,HS Algebra I,Topic,Grade 9,2025-26,Topic 6,Grade 09,HS Algebra I,9
5ff1d72aa68fe144a9eb5969d3a5b07a7c40a9c2fd228d166662a907a5da7fc0,554425139,Science,Topic,Grade 7,2025-26,Topic 3: Reproduction and Genetics,Grade 07,Science,7
601dfc79442a01af70766d334b6e0ee325fe81812d08d69a222900d438bd04d2,554425139,Math,Topic,Grade 7,2025-26,Topic 3,Grade 07,Math,7
66198a1b25a2d0c73c31ad369d2d0dcabb29a78ac2d4b55eafab07978b1ba98e,554425139,HS Economics,Topic,Higher-Ed,2025-26,Topic 4,Higher-Ed,HS Economics,d
6623e6800cbe89d8da6c8e3a4e6a3a240824b6ae85bbf76ce05090e2b8979ba6,554425139,Civics,Topic,Grade 7,2025-26,"Topic 3 Test: State, Local, and Tribal Governments Matter",Grade 07,Civics,7
69f378f67164bcd308c520accb51428380757459a6b6e7c02aa1f3c80aaa938b,554425139,Science,Topic,Grade 7,2025-26,Topic 3: Reproduction and Genetics,Grade 07,Science,7
6bee586a161f1454a70356f9231300c56e9aad09a4ed8122a694c4d52d0cf3da,554425139,HS World History,Topic,Higher-Ed,2025-26,Topic 8: The Industrial Revolution (1750?1914),Higher-Ed,HS World History,d
6fc268940142e4cfecef8f1a1e5eea5b63a3bf0ff7294c5044d13f397ac57b4b,554425139,HS Geometry,Topic,Grade 10,2025-26,Topic 8,Grade 10,HS Geometry,0
72d9d438814baf00982889f7f87285a06aaef8f83cd90696ea79fcd9ad1874fe,554425139,Civics,Topic,Grade 7,2025-26,Topic 8: How Elections Work: Vote Responsibly,Grade 07,Civics,7
74d48161ed60469eab20fb1fc1747ead6471d4746bf063829f504e3fca9e60bc,554425139,HS World History,Topic,Higher-Ed,2025-26,Topic 7: Absolutism and Revolution,Higher-Ed,HS World History,d
75626819d74e8cc018ef1223093c74efcbf34521be07f08647c354796c770a8b,554425139,History,Topic,Grade 8,2025-26,Topic 4: A Constitution for the United States (1776-Present),Grade 08,US History,8
7740db996c95eecf25fa762fb35b812de29e9e8fc71fd71d50611044d1be804a,554425139,HS Alegra II,Topic,Higher-Ed,2025-26,Topic 3,Higher-Ed,HS Alegra II,d
7b385d544486873f5f7f23e6798b5af99217ebca33a8ed41fa77013fc58db87d,554425139,Math,Topic,Grade 6,2025-26,Topic 1,Grade 06,Math,6
7bea795c4e5811d6a1aa25bdedcce4972f3540e3f521c4333267430f735812b1,554425139,History,Topic,Grade 6,2025-26,Topic 3 Test: Ancient Egypt and Kush (3000 BCE - 600 BCE),Grade 06,World History,6
7ddb6eb6be9e784f4b31c9633245e39ca96e6b474754019ee22c250407386d21,554425139,Civics,Topic,Grade 7,2025-26,Topic 7: Branches of the U.S. Government: Collaborate With Others,Grade 07,Civics,7
7e6fef47bf7ced3625c6a9be3c98eaeb66340697c24bad7bd50dc1f8608b97ac,554425139,HS Economics,Topic,Higher-Ed,2025-26,Topic 5,Higher-Ed,HS Economics,d
7ecd262c15caf38df384dcdd61f4e50de1e37caa77864eb3c339e23f20239a2f,554425139,History,Topic,Grade 8,2025-26,Topic 6: The Age of Jackson and Westward Expansion (1824-1860),Grade 08,US History,8
820c9a99fca7944213be71806ab1874808a6dc757869d340b2d32a36f69c20ac,554425139,History,Topic,Grade 8,2025-26,Topic 9 The Reconstruction Era,Grade 08,US History,8
84c558cfafd964f06b1dd25642ab50f86c6fe3a63bf66092fa3586f91dc4bbbc,554425139,History,Topic,Grade 8,2025-26,Topic 7: Society and Culture Before the Civil War (1820-1860),Grade 08,US History,8
860ff8ff3dbe3cdc1219f2dab90412330cfe9e7d7fc542825ee0bfe430c989c8,554425139,Algebra,Topic,Grade 8,2025-26,Topic 7,Grade 08,Algebra,8
86b9eb1420f18663f59fa0b0fe4993983c0511c67bdc27222ec0adce71fff4c8,554425139,Science,Topic,Grade 8,2025-26,Forces and Motion,Grade 08,Science,8
888d1d830235041e6fffa846072e1bf0efa3f265e40e142ce5cf8bafd5f2448d,554425139,Math,Topic,Grade 9,2025-26,Topic 4,Grade 09,Math,9
894ed8ff4fbe103cb704a96b75903358f524ac660341879e7ade91a895155d3c,554425139,Science,Topic,Grade 7,2025-26,Topic 2: Cells and Cell Systems,Grade 07,Science,7
89efa2cca56913ecc4d1e1bf8718a644bf5f833cae8ceba97ab43153d4018aad,554425139,Math,Topic,Grade 7,2025-26,Topic 5,Grade 07,Math,7
8d8530d00091645a0be94f3385b212005a9be9859b83cf66b98ac58d2b39c2c3,554425139,HS Alegra II,Topic,Higher-Ed,2025-26,Topic 5,Higher-Ed,HS Alegra II,d
8f0ce9890236f2bf93a4ad00515d9309ae1f2b90463c9c2f553ebe76b8d784f0,554425139,HS United States History,Topic,Higher-Ed,2025-26,Topic 9: Civil Rights and Reform in the 1960s (1945?1968),Higher-Ed,HS United States History,d
9468ab631f2ab3ff4c117d39f375d07f1e82c0eb00ac6ebd5d7355e5847cb574,554425139,Science,Topic,Grade 7,2025-26,Topic 2: Cells and Cell Systems,Grade 07,Science,7
94c0671142d5de3668cb415959bd153cc0a9e74957e3af0cdda4745c344b5610,554425139,Algebra,Topic,Grade 8,2025-26,Topic 2,Grade 08,Algebra,8
96988b869f9e2baea18e5276a007a8de305c762be6b832e497f8517ee56a2456,554425139,HS Honors Algebra II,Topic,Higher-Ed,2025-26,Topic 4,Higher-Ed,HS Honors Algebra II,d
9c9fc93368a4d46b6f09f9c337ac1c736fced8e9b94fae30d45c899d10a2975b,554425139,History,Topic,Grade 8,2025-26,Topic 3: The Revolutionary Era (1750-1783),Grade 08,US History,8
9ca3c9aac7d244f273c59eb72a50975e60dac98abb75dbc343e111c09d39d4ba,554425139,HS Geometry,Topic,Grade 10,2025-26,Topic 9,Grade 10,HS Geometry,0
a0a85cfede8877473c7ce3a6cb849f6e7b6fbdc33bddac18bdd8bfee9837c25a,554425139,HS Physics,Topic,Higher-Ed,2025-26,Investigation Assessment 2: Forces,Higher-Ed,HS Physics,d
a1e948732b2004626f15349270790ac28acb7b7c7a85e65db28765fd1f34fc55,554425139,Civics,Topic,Grade 7,2025-26,Topic 9: The Media and You: Find Accurate Information,Grade 07,Civics,7
a2a03ba153ac31653e56c63ea8aeda9a1e0959640372885eb09bdd61957fbfe2,554425139,Science,Topic,Grade 6,2025-26,Topic 4: Earth's Surface Systems,Grade 06,Science,6
a337abc6be981a04699503111f816bf56027bfb336d5f4b9dbaf0f8203d55843,554425139,HS Geometry,Topic,Grade 10,2025-26,Topic 7,Grade 10,HS Geometry,0
a36fe81ee62182a03bfc700aeff571ac8ea3812c6e70e88e418d9ab5d79f08ae,554425139,History,Topic,Grade 8,2025-26,Topic 1: The Early Americas and European Exploration,Grade 08,US History,8
a37f4e3ce2ee4075d121558a9c67873e78013c18c2f679511f20f31b927d0c7f,554425139,History,Topic,Grade 6,2025-26,Test Topic 2: Civilizations and Peoples of the Fertile Crescent,Grade 06,World History,6
a57c00ea69f27b63b21c572a7e95a026ff7828938eb705325b5e986355cd1609,554425139,Science,Topic,Grade 7,2025-26,Living Things in the Biosphere,Grade 07,Science,7
a83c45d2d90680dc82a40586a03780168fd0e3d5a700aa609ebf8fbdefb5bc2a,554425139,HS United States History,Topic,Higher-Ed,2025-26,Topic 5: World War I and the 1920s,Higher-Ed,HS United States History,d
a874efb8d77058b1c2d7df97b647595aab9cfb20b32bf84b53a539fc31e0662b,554425139,HS Physics,Topic,Higher-Ed,2025-26,Investigation 4: Electric Forces,Higher-Ed,HS Physics,d
aa5231204ff953fcbc29eef9c2fb15bd680619069c53ab42b920f896fb73ee84,554425139,Civics,Topic,Grade 7,2025-26,Topic 1: Who Are We?: Get Involved in Your Community,Grade 07,Civics,7
aa872c9dc5da26d6873b40a93fa41ad20baf5478153217887c957b2dc7387d90,554425139,History,Topic,Grade 8,2025-26,Test Topic 2: European Colonization of North America (1500-1750),Grade 08,US History,8
abf2d9f9a2bfc2bb4e677f26dc753ce0f4a8d5936de4db4489c502f26cde3c94,554425139,Math,Topic,Grade 7,2025-26,Topic 1,Grade 07,Math,7
aee8260ac7498acf5d8a0ef529bce7a56a5b8764275bda023c62cbb4aa3cf3f8,554425139,HS Physics,Topic,Higher-Ed,2025-26,Investigation Assessment 1: Modeling Motion,Higher-Ed,HS Physics,d
af6abdfb22f563270a3d19e014e09d6219cec2f69b1d8a63e203c87902b71388,554425139,HS United States History,Topic,Higher-Ed,2025-26,Topic 8: Postwar America (1945?1960),Higher-Ed,HS United States History,d
b2db18c26e362f762ba030382491cdf7596c695cb395605f1cd334eb5eef11e4,554425139,HS Physics,Topic,Higher-Ed,2025-26,Investigation Assessments 3: Gravitational Forces,Higher-Ed,HS Physics,d
b4e122525a045fb6c9902aabddae870bb7e9394e494d96f9a97c4547f94b154f,554425139,Civics,Topic,Grade 7,2025-26,Topic 4: Our Founding Documents: Listen to Many Voices,Grade 07,Civics,7
b5b36463179d5f0715d91e77bf96e7b256b66055c8fa42541df8b59b509ea494,554425139,Math,Topic,Grade 7,2025-26,Topic 7,Grade 07,Math,7
b687ded9a3c18b491be04f5c050bbf325da75b3fc94764c0b8fe6f3240d77d4c,554425139,HS Economics,Topic,Higher-Ed,2025-26,Topic 2,Higher-Ed,HS Economics,d
baa2a4a459f49b2aa5ca3caca334cca0131bd5d43380d1ca1326037cbb003445,554425139,HS Alegra II,Topic,Higher-Ed,2025-26,Topic 4,Higher-Ed,HS Alegra II,d
bea2259916b8cbcddf66851fdae6b3056e731405d5b57bc87025fad1a357e1dc,554425139,Civics,Topic,Grade 7,2025-26,Test Topic 2: You and Your Government,Grade 07,Civics,7
c0c757909e5d11f7c2422e837758410b8f2f5731c870904454bba6b07d5b3fde,554425139,History,Topic,Grade 6,2025-26,Topic 5: Early Civilizations of China (1700 BCE - 220 CE),Grade 06,World History,6
c11ab3ba17417b0dc3a4bdc5d74e842646be6bd8b829cdb269e78c5a95566759,554425139,HS Economics,Topic,Higher-Ed,2025-26,Topic 3,Higher-Ed,HS Economics,d
c39463bc3a66bd51a9aed2b05bf19552004271840621067a0f1278294705e339,554425139,Math,Topic,Grade 6,2025-26,Topic 7,Grade 06,Math,6
c7082dc0d775668334dd8a6e5bc92540385bf6a5921b5767e0e32d07d9280225,554425139,History,Topic,Grade 6,2025-26,Topic 1: Origins of Civilization,Grade 06,World History,6
caed231d75f7ecf29c04ca9c6cfbc4dd16f64f640247ce5185739ad8a92c4ac1,554425139,Science,Topic,Grade 7,2025-26,Topic 4: Change Over Time,Grade 07,Science,7
cc8bb7e9bd28cb5e2956de88f404b2edaa21eff1dcb34085ed80b736a5e1a6aa,554425139,HS Honors Algebra II,Topic,Higher-Ed,2025-26,Topic 3,Higher-Ed,HS Honors Algebra II,d
ce566e0fac6f71f5ad3ef346fed420fbae8aef1b930aac6436bde3aecf1db874,554425139,History,Topic,Grade 6,2025-26,Topic 9: Civilizations of East Asia and Southeast Asia (250 BCE - 1644 CE),Grade 06,World History,6
cf0d06cb8f5c79a8c62612dce1563e1a85f307254a0cb59eb80b603921246e8d,554425139,Algebra,Topic,Grade 8,2025-26,Topic 5,Grade 08,Algebra,8
d1489bb7ac7e20fc359bb620bca6655d9ea5d9d2082e1900c55101762e3b2586,554425139,Civics,Topic,Grade 7,2025-26,Topic 11: The Economy and You: Apply Math Skills to Social Studies,Grade 07,Civics,7
d2e2c43dc25161de2e58cf28cb919fd9ee2f1c891d4c69bb2550db8a63334673,554425139,HS Algebra I,Topic,Grade 9,2025-26,Topic 1,Grade 09,HS Algebra I,9
d4679546fa2dd5f33f13835bdf1657c145c3583ddbbd334e9e24bf6da469db61,554425139,Science,Topic,Grade 8,2025-26,Waves and Electromagnetic Radiation,Grade 08,Science,8
d753a11dc0816f396573266d0174eaa02e00599ad3375dfb6a840f02524300a7,554425139,Science,Topic,Grade 7,2025-26,Topic 4: Change Over Time,Grade 07,Science,7
d77e7a819848cef5368c0fb7b7c2351ee8ea177af9043ec5c9f85fe8f4a33db2,554425139,Science,Topic,Grade 8,2025-26,Thermal Energy,Grade 08,Science,8
e5ace049d7d75c025a9ca48b53931805db88cc47c98f37326b4b3993a91ce3f9,554425139,HS World History,Topic,Higher-Ed,2025-26,Topic 7: Absolutism and Revolution (Second Attempt Due),Higher-Ed,HS World History,d
e814bcda7baa05c92eef8c0d7e24a436b7c5a4a70e399884d99716cfa78c9167,554425139,HS World History,Topic,Higher-Ed,2025-26,Topic 9: Nationalism and the Spread of Democracy (1790–1914),Higher-Ed,HS World History,d
e9cf7bfde6e0a749921ca21e5ec57725b0cd363515af2b3c7901999ba66c8c30,554425139,History,Topic,Grade 6,2025-26,Topic 8: The Roman and Byzantine Empires (30 BCE - 1453 CE),Grade 06,World History,6
ea4d4ab9c64db8a27bcc0755a40dc2013e3afa0b09846d38b2585a51a5525995,554425139,HS Honors Algebra I,Topic,Higher-Ed,2025-26,Topic 5,Higher-Ed,HS Honors Algebra I,d
ea77616c484143ba83a7e741b9ced6567dcb714c3ce8783e55548477de94fe5e,554425139,HS Geometry,Topic,Grade 10,2025-26,Topic 2,Grade 10,HS Geometry,0
ef93ab01c767d33ceba831f269e0e5f70f5b3178bbcaa18b27f018e5a8520ee9,554425139,Civics,Topic,Grade 7,2025-26,Topic 6: The Constitution Protects Your Rights: Defend All Rights,Grade 07,Civics,7
f0b58779cf8d8bd09ace081db73232eef43bdebe140c05bab105ab63057dc781,554425139,Math,Topic,Grade 6,2025-26,Topic 2,Grade 06,Math,6
f693caaaa9c96aac1a1358c3154283cd07480930b6ee93f311fe2e0790b6692e,554425139,Math,Topic,Grade 6,2025-26,Topic 6,Grade 06,Math,6
9ecf8b6a677766598ce8accce61326984d9ae111d354adf34affc1c7f5959a8f,554425139,HS Algebra I,Topic,Grade 9,2025-26,Topic 3,Grade 09,HS Algebra I,9
2b234973ab9492aa5f25bf9d04602d27afb7b948eee7c4717ecea8cf96bec119,554425139,HS United States History,Topic,Higher-Ed,2025-26,Topic 5: World War I and the 1920s,Higher-Ed,HS United States History,d
61749be21cc2409c5f321f159edecb4340f59bcccb5fd3fb9b5dbda917afd80b,554425139,Math,Topic,Grade 9,2025-26,Topic 4,Grade 09,Math,9
2e22c6410908e2bd017dce751bff3dc9bf90f1e5082222c3ec43f53e38735462,554425139,Other,Topic,Higher-Ed,2025-26,Topic 8,Higher-Ed,Other,d
00562b901829cb0f75fd2aa33da6e814627f6e02653c378f1cd68a871624c113,554425139,HS Honors Algebra I,Topic,Higher-Ed,2025-26,Topic 3 Assessment A,Higher-Ed,HS Honors Algebra I,d
636b1cce134d71eb1ee911a700bc5dfc3b9b9ca6fe7ff7c9519479cc4dc08f32,554425139,HS Algebra I,Topic,Grade 9,2025-26,Topic 1,Grade 09,HS Algebra I,9
e7fa7819d803574064aeccaec7742c3c24037e62744cc81ce91f311f4a03734a,554425139,HS Algebra I,Topic,Grade 9,2025-26,Topic 2,Grade 09,HS Algebra I,9
0d0f47e5c32780634507590fb28a13999d627c7f9847825c85c38207aa7d0e85,554425139,ELA,Unit,Grade 8,2025-26,Unit 3 Part 2,Grade 08,ELA,8
0d1228af167a9e026e6d1888c32e3cbd68a648aba93c62bbafd9e855f4d0163f,554425139,HS Honors English III,Unit,Higher-Ed,2025-26,Unit 2 Part 2,Higher-Ed,HS Honors English III,d
0fb80dc4a94289900c8915cb2b9a0e5310af55a6eca6c9937c18dd0cd9de755d,554425139,HS Honors English II,Unit,Higher-Ed,2025-26,Unit 3 Part 2,Higher-Ed,HS Honors English II,d
10e8c18254ccb493329b8d2bae0f14d47bb714161e0485f248eb7f0ff6fb1c91,554425139,ELA,Unit,Grade 8,2025-26,Mid-Year Test,Grade 08,ELA,8
13cd2eb3f929dc891c520d7d13137bbb5c84e3cce70917170425aead19906caa,554425139,ELA,Unit,Grade 7,2025-26,Unit 1 Part 1,Grade 07,ELA,7
141dccbc1c82958fd1ca0bbe58aaf7705b456419aad526c7e7501f7e66298437,554425139,ELA,Unit,Grade 7,2025-26,Unit 2 Part 1,Grade 07,ELA,7
14e446c0f9828b46dcd3d8feb238380daf0490532912ccc07c558587e7d5cedd,554425139,HS English IV,Unit,Grade 12,2025-26,Unit 3 Part 2,Grade 12,HS English IV,2
1825c797d934baca410edda410a85b0a730fefb9cf7cf398b2d8692b992eeb6f,554425139,HS English IV,Unit,Grade 12,2025-26,Unit 3 Part 1,Grade 12,HS English IV,2
1c698b98d257755a33f470dc0eabb0e7f561d3a07f56b5d199e20d1deaed1dff,554425139,ELA,Unit,Grade 6,2025-26,Unit 4 Part 2,Grade 06,ELA,6
1f9ae96e77417676a45b5d2017c13da020899bb2c9bf12b9bae6a4a57123611e,554425139,HS Honors English III,Unit,Higher-Ed,2025-26,Unit 3 Part 2,Higher-Ed,HS Honors English III,d
1fb0673739f5c70efbb8416a988dc24632348ca73eba20b6ea8c371a8a9c4991,554425139,HS English IV,Unit,Grade 12,2025-26,Unit 1 Part 1,Grade 12,HS English IV,2
22ee4625dedb2b46547849111540b6b8fbf22a17035ed22ee60a35afd8f8ba1f,554425139,HS English I,Unit,Grade 9,2025-26,Unit 3 Part 2,Grade 09,HS English I,9
253be9386df19c7150e1f671e6eb1db32665d6e2d9bc1f2732a1174da7fe6baf,554425139,HS English IV,Unit,Grade 12,2025-26,Unit 2 Part 2,Grade 12,HS English IV,2
26fa789278e90122b981ad1207390f5898b3500bfcdfb2e0ae169ec355a32584,554425139,HS English III,Unit,Grade 11,2025-26,Unit 2 Part 2,Grade 11,HS English III,1
28888e591ba5dde3db3d05cdc1eb14c7425e6601467452f61dcabdeb24b77a37,554425139,HS English I,Unit,Grade 9,2025-26,Unit 1 Part 2,Grade 09,HS English I,9
28ad495ff776ee97178601f52a6044f6458f46c29a04c869d6e4ec6ace34c647,554425139,ELA,Unit,Grade 6,2025-26,Unit 2 Part 1,Grade 06,ELA,6
2bcb4becf27e39e8e6755d0a22354b4d955364151a111fec919836e0a9186d88,554425139,HS English I,Unit,Grade 9,2025-26,Unit 1 Part 1,Grade 09,HS English I,9
2c1bbb054b3a5af5f4d8f1c543e7c23ea89e296d23659e6fd91bdcfd7c85767c,554425139,ELA,Unit,Grade 7,2025-26,Unit 3 Part 1,Grade 07,ELA,7
2dd81667042e2550a386669eff86c4d88332edf24cc9288ae746eb17567a54bb,554425139,ELA,Unit,Grade 8,2025-26,Unit 2 Part 2,Grade 08,ELA,8
2f0ab01948fb264c03a5b8f0e9921f55db6a2c6ca4ba9de62b26a96cbf3a8df3,554425139,HS English II,Unit,Grade 10,2025-26,Unit 3 Part 2,Grade 10,HS English II,0
30ec0cf18a764063b1b289ca6e05febaa08c673a5b2cf6cfee0cfb185bed99d0,554425139,HS English II,Unit,Grade 10,2025-26,Unit 3 Part 1,Grade 10,HS English II,0
387e161e916647e8bb7f9e4bc9937bcb87df408ea813acd72111bb61e384311e,554425139,HS Honors English III,Unit,Higher-Ed,2025-26,Unit 3 Part 1,Higher-Ed,HS Honors English III,d
3dc7fbcb045b555030791b391adb2b00b52c081f8d51c7cc2d77170f6281b811,554425139,HS Honors English IV,Unit,Higher-Ed,2025-26,Unit 2 Part 2,Higher-Ed,HS Honors English IV,d
4033103a4bbf1641d98f2b40276281479c1849a981c8822518ff04bdb2ae4dab,554425139,HS English II,Unit,Grade 10,2025-26,Unit 1 Part 1,Grade 10,HS English II,0
49daf6c954b51a3d162a50861e0c311ea063b30429266859eedee566680673c3,554425139,HS English IV,Unit,Grade 12,2025-26,Mid-Year Test,Grade 12,HS English IV,2
6037efcabf01638e17945501887b9e46c7b70a068388da9342a318f5ae44cec8,554425139,HS Honors English IV,Unit,Higher-Ed,2025-26,Mid-Year Test,Higher-Ed,HS Honors English IV,d
63887c99a59d4485dfc912c853d026c792157c3cb8dafdf3324b441db7fe41a2,554425139,HS Honors English IV,Unit,Higher-Ed,2025-26,Unit 2 Pat 1,Higher-Ed,HS Honors English IV,d
67a4687b1324441f251e8b9d722fbcd1765ba9ef5a262811009fe0a46280a015,554425139,HS English III,Unit,Grade 11,2025-26,Unit 1 Part 1,Grade 11,HS English III,1
76424df01f9c9222915821df53726fa5105325690ec9aa70864b9f107643a9a3,554425139,ELA,Unit,Grade 7,2025-26,Mid-Year Test,Grade 07,ELA,7
922b1239d3d762265ac565fee0686a498b7791cf2d99bf9de838e5df56972580,554425139,ELA,Unit,Grade 6,2025-26,Unit 2 Part 2,Grade 06,ELA,6
93dc94a63a843dae17b3b750c8428905d04fa667dd2130a636349004d1001273,554425139,HS English III,Unit,Grade 11,2025-26,Unit 1 Part 2,Grade 11,HS English III,1
93e05ff2510fe8a0eca66ff85e9fded75570f7ba17e1eb897cfd4e7090fd9a93,554425139,HS English II,Unit,Grade 10,2025-26,Unit 1 Part 2,Grade 10,HS English II,0
9948ed6f993047b594fa2fcf6b4f652c23f28d95539c74aaab3d612d1adfc19d,554425139,HS Honors English IV,Unit,Higher-Ed,2025-26,Unit 3 Part 2,Higher-Ed,HS Honors English IV,d
9a11cf6b96eb7f2e07eb48e92c22557603bcc3a9eae355fdc8422b27cafcf0b4,554425139,ELA,Unit,Grade 8,2025-26,Unit 2 Part 1,Grade 08,ELA,8
abc75418b46091cd485f480fcc2b75642e379301f209752d871c930aa23755b8,554425139,Science,Unit,Grade 8,2025-26,Energy,Grade 08,Science,8
af3b0fd5aed018138d7e88bbedcbb52783f6109a3be34e2f5285c19107117e3a,554425139,HS English II,Unit,Grade 10,2025-26,Unit 2 Part 1,Grade 10,HS English II,0
b3979d9dcdbcba35962e558dacf1a47b629bdd4510bd8fb53f74d3b2a05f7961,554425139,ELA,Unit,Grade 7,2025-26,Unit 1 Part 2,Grade 07,ELA,7
b58ac0e517d6b0e18e183b62d27f007cd219aa35e0ff123442f8b6de07e9ef11,554425139,ELA,Unit,Grade 6,2025-26,Unit 1 Part 2,Grade 06,ELA,6
b6f2601daeaf95b0035a91a258414de7e63ba84cf346af28f11c5ea21b264884,554425139,ELA,Unit,Grade 6,2025-26,Unit 3 Part 2,Grade 06,ELA,6
bd6388e643120ed8fe623ae5ab03163ff3fb7490cec587ac9c6413a64195349f,554425139,Math,Unit,Grade 2,2025-26,Chapter 8 Test: More 2-Digit Subtraction,Grade 02,Math,2
bf0476e6c7b0320c989eeeda1d21c0c4187eded7eb51c8d4eb88699fc3fa6a76,554425139,Science,Unit,Grade 6,2025-26,Introduction to Earth's Systems,Grade 06,Science,6
cdd14a03f8ec3918bd14457a3bebf6b2ac5c403c81823f6b3256b747bd2f0c44,554425139,HS Honors English II,Unit,Higher-Ed,2025-26,Mid-Year Test,Higher-Ed,HS Honors English II,d
cfadc071932583cdd78ab259353013be204241147d149937b2f01ac22bec8d47,554425139,HS English I,Unit,Grade 9,2025-26,Unit 3 Part 1,Grade 09,HS English I,9
d166efc7b6bb7d361bd530845b4e61fabe0e9513ffc2d590e7a721e5a6f609ef,554425139,HS Honors English III,Unit,Higher-Ed,2025-26,Unit 2 Part 1,Higher-Ed,HS Honors English III,d
d92fda52c82e906e1401b0cabf2e5f93346f45132fb2581ab5ee7908c481837d,554425139,HS Honors English IV,Unit,Higher-Ed,2025-26,Unit 3 Part 1,Higher-Ed,HS Honors English IV,d
db639fdd7b3d5c597f79b06c502e27c10be1a5b2eb2f5b43207ad5f046beb45c,554425139,HS English IV,Unit,Grade 12,2025-26,Unit 1 Part 2,Grade 12,HS English IV,2
e272c2cec40a0eaf757872d96442f8104d154cda21c6773571e1b3b378560d84,554425139,ELA,Unit,Grade 6,2025-26,Unit 4 Part 1,Grade 06,ELA,6
e64272b783a71e14ec3770e5c80800c900b6572447a59f7520ef354f9760680d,554425139,HS Honors English III,Unit,Higher-Ed,2025-26,Mid year test,Higher-Ed,HS Honors English III,d
e8ddba85302e54b936407dfa568234e731193b6865c47f160e356f4e7f7cf4b8,554425139,HS Honors English II,Unit,Higher-Ed,2025-26,Unit 3 Part 1,Higher-Ed,HS Honors English II,d
eac2f8d5aed02c0d88b618922ca21cfc8b09176eddee2227ba9d856aa521f45b,554425139,ELA,Unit,Grade 6,2025-26,Unit 1 Part 1,Grade 06,ELA,6
ecb455de14d91ee9cab784aa8eb1562c81dff1e4202504ff3ee46a6e6ee38917,554425139,ELA,Unit,Grade 6,2025-26,Unit 3 Part 1,Grade 06,ELA,6
f2fd4063cdd6f54109f8dce3c8646436fd367ad2674c77067d22948f59bc5f4e,554425139,ELA,Unit,Grade 6,2025-26,Mid-Year Test,Grade 06,ELA,6
f5015a6131f47cb21d311d12d59ea782a139cd677c2f3bf384d7a776e7a69efa,554425139,HS English IV,Unit,Grade 12,2025-26,Unit 2 Pat 1,Grade 12,HS English IV,2
f7059c6956c45313d8d51ee78d15d1574d5a7871816d9d98e719623e46863fbe,554425139,HS English III,Unit,Grade 11,2025-26,Unit 2 Part 1,Grade 11,HS English III,1
fabff20b48d9138c5a79d1f4c0630ea0f140a8adbfd5ecce84f01a4eb841e660,554425139,ELA,Unit,Grade 8,2025-26,Unit1 Part 1,Grade 08,ELA,8
fad2ade092133125082aba1b50924f06c064d2340226c8730e309ee90f55b588,554425139,ELA,Unit,Grade 7,2025-26,Unit 3 Part 2,Grade 07,ELA,7
fdb0f9b0b3f4d4bc0471e62473dee10b18f07f671de85d4fb85f703562cdca26,554425139,ELA,Unit,Grade 8,2025-26,Unit 3 Part 1,Grade 08,ELA,8
02b618b5bf219894917ca015d13b088431f7663676e0aaed2e4dcb120b8bf92f,554425139,HS English IV,Unit,Grade 12,2025-26,Unit 1 Part 1,Grade 12,HS English IV,2
40564a3f742d32ed26f24f031cf96d99cbd4ac7486aeb56f2d734fe841f5f004,554425139,HS English II,Unit,Grade 10,2025-26,Unit 1 Part 1,Grade 10,HS English II,0
5a023cad4ea7652da34219e3fe4cc0068a1e78f158186122126ee0692b1de8b2,554425139,HS English III,Unit,Grade 11,2025-26,Unit 1 Part 2,Grade 11,HS English III,1
923379c09fcd220cdfc1d997994624be90e63432d2cd21b9c1ed62a220675053,554425139,HS English III,Unit,Grade 11,2025-26,Unit 1 Part 1,Grade 11,HS English III,1
9860715d8ae680ce952d7c20ef2f0707b80eb0be4f0db7838199e72f04b612b8,554425139,HS English II,Unit,Grade 10,2025-26,Unit 1 Part 2,Grade 10,HS English II,0
bfc42b2374a5b15988ebc461637fa4296cf26bd19512c350d0d076aa37d9de65,554425139,HS English IV,Unit,Grade 12,2025-26,Unit 1 Part 2,Grade 12,HS English IV,2
c30442a955d9d169ccab8edcd1a602b99cf0a05b065852d19d7f8191cf047009,554425139,HS English I,Unit,Grade 9,2025-26,Unit 1 Part 2,Grade 09,HS English I,9
66cd55fcd1a81f4e02263437c7481413d9eccb9dea5eb09439275d0e8745a3c5,554425139,Math,Unit,Grade 2,2025-26,Chapter 8 Test: More 2-Digit Subtraction,Grade 02,Math,2
9727360e70b86e81e511ed1bb7a8628609b91d885e5cc50ff9064b58bcc1adac,554425139,Math,Unit,Grade 2,2025-26,Chapter 8 Test: More 2-Digit Subtraction,Grade 02,Math,2
077afc0fe6fcca4ade20e1e62cd652d54b72805cd9c2d5b9e40f49631f79007f,554425139,ELA,Weekly Test,Grade 3,2024-25,Make a Difference: Weekly Assessment: Week 2,Grade 03,ELA,3
07fa9c5e1cd00271a790a7ff7d522fd4ccd9e19f993651f7e1e3e58156ccbd5a,554425139,ELA,Weekly Test,Grade 3,2024-25,Animal Behaviors: Weekly Assessment: Week 2,Grade 03,ELA,3
0a93bc50c882d5dcb335ffbfbc3e48274c9ca9f9ff98e06e5e260913a5497ee8,554425139,ELA,Weekly Test,Grade 3,2024-25,Animal Behaviors: Weekly Assessment: Week 3,Grade 03,ELA,3
1c92ea089c4993cd04d7c82c9d94af86ae73a7645c881797bdc08113f1792863,554425139,ELA,Weekly Test,Grade 3,2024-25,Imagine! Invent!: Weekly Assessment: Week 1,Grade 03,ELA,3
3b31fc4c3e7025a016676d1dfbf3fefb78859c259847ed1460dc89cacac273d1,554425139,ELA,Weekly Test,Grade 3,2024-25,Animal Behaviors: Weekly Assessment: Week 1,Grade 03,ELA,3
6dd945e807d0ee6638e48ae236166347554c8f468729427c0bea6d29f1d88d94,554425139,Science,Unit Test,Grade 3,2024-25,Unit 6 Test: Heat Sources,Grade 03,Science,3
8613dff225fa343dffca6730c433607b426c102dbffd0efd8535ff2530244f21,554425139,ELA,Weekly Test,Grade 2,2024-25,Home Sweet Habitat: Weekly Assessment: Week 3,Grade 02,ELA,2
8d5e72d41059e05c0d7f61c0296d1792450db95b8caeb088863b07103ac9b2ec,554425139,ELA,Weekly Test,Grade 2,2024-25,Home Sweet Habitat: Weekly Assessment: Week 2,Grade 02,ELA,2
9c868edee0935914fc1d6c186fcefc36c43c960ac82b76af2ae5bd15dc5a5a7f,554425139,ELA,Weekly Test,Grade 2,2024-25,"Many Cultures, One World: Weekly Assessment: Week 2",Grade 02,ELA,2
b31596b9f884d81b3768324ad3f0961d70c5c24ca4221652d433d54c341cbf1e,554425139,ELA,Weekly Test,Grade 2,2024-25,Time to Grow!: Weekly Assessment: Week 1,Grade 02,ELA,2
b90a097a503383b8257954d871ebec958fa5cdd23c65a36307dbd73cb9594055,554425139,ELA,Weekly Test,Grade 2,2024-25,Time to Grow!: Weekly Assessment: Week 3,Grade 02,ELA,2
ba0f7bb1aa3828645e919a27ed6742e41a00f70138e74fcd3c41f36723f94d09,554425139,ELA,Weekly Test,Grade 2,2024-25,Home Sweet Habitat: Weekly Assessment: Week 1,Grade 02,ELA,2
e974c12b874b7dd2f7e82242add8498802ae1efc32a6a3f0d11937b488a516cf,554425139,ELA,Weekly Test,Grade 2,2024-25,Time to Grow!: Weekly Assessment: Week 2,Grade 02,ELA,2
ed75b2834d8c5d29dccc5c3296d4a3a1ef818fdf7389fb1a474e2841f1f6752d,554425139,Science,Unit Test,Grade 2,2024-25,Unit 8 Test: Forces and Motion,Grade 02,Science,2
f2d1d8b15b01fb259cb1ad28179ee39ca6bfb4c06a1a421e12a05981b52d9435,554425139,Science,Unit Test,Grade 2,2024-25,Unit Test: The Human Body,Grade 02,Science,2
fe2581d8428e084e937bbacced5ad2a6dc984dfb8e82a359da6249e89e492463,554425139,ELA,Weekly Test,Grade 3,2024-25,Make a Difference: Weekly Assessment: Week 1,Grade 03,ELA,3
