item_id,item_name,section_name,section_instructors,subject,grade,session,assessment_type,pattern,severity,reason
7610639442,Chapter 1 Test: Counting and Number Sense,Instructor 1,Sitara Qalander,Math,Grade 1,2025-26,Summative,demo-account-cluster,high,Section 'Instructor 1'; fake student Palwasha Brohi (2024-25 Chap Test) + Misbah Shaikh (2025-26 Summative); one item spans 2 sessions/2 assessment_types under a single dim label (Math/Grade 1/2025-26/Summative)
7610639443,Chapter 2 Test: Count by Tens and Ones,Instructor 1,Sitara Qalander,Math,Grade 1,2025-26,Summative,demo-account-cluster,high,Section 'Instructor 1'; sole taker is fake student Misbah Shaikh (2025-26) — staff sandbox data in live Grade 1 Math
7610639444,Chapter 3 Test: Compare Numbers,Instructor 1,Sitara Qalander,Math,Grade 1,2025-26,Summative,demo-account-cluster,high,Section 'Instructor 1'; sole taker is fake student Misbah Shaikh (2025-26)
7610639551,Chapter 1 Test: Counting and Number Sense,Instructor 2,Sitara Shamsheer,Math,Grade 1,2024-25,Chap Test,demo-account-cluster,high,"Section 'Instructor 2'; fake students Ahmed Shamsheer + Pareesa Brohi (2024-25, type Chap Test)"
7841245375,Chapter 1 Test: Counting and Number Sense,Instructor 1,"Sitara Qalander, Mila Reed",Math,Grade 2,2024-25,2 sectionsAll Sections,demo-account-cluster + wrong-grade + junk-type + duplicate,high,Labeled Math/Grade 2 but content is the Grade-1 'Chapter 1 Test: Counting and Number Sense' (standards MA.1.*); assessment_type='2 sectionsAll Sections' (junk parser value); same 5 fake users + same day (2025-05-15) as items 7610639442/7610639551 => duplicate ingest of one demo test event
7929067017,Module Assessment: What Makes Us Who We Are?,Section B,"Sitara Qalander, Paige Yockey",Reading,Grade 4,2025-26,Summative,junk-standards,medium,30 fact rows carry rubric labels 'Conventions' and 'Development/organizaion of Ideas' (sic) in standard column; identifier blank; no dim_standard join -> unlabeled standard rows in reports
8030068539,Come to Your Senses: Weekly Assessment: Week 1,Section B,"Sitara Qalander, Paige Yockey",Reading,Grade 4,2025-26,Summative,junk-standards,medium,32 fact rows with rubric labels as standards (same two junk values)
8043771169,Come to Your Senses: Weekly Assessment: Week 2,Section B,"MaryBeth Taylor, Paige Yockey",Reading,Grade 4,2025-26,Summative,junk-standards,medium,30 fact rows with rubric labels as standards (same two junk values)
7925711744,Wild West: Weekly Assessment: Week 1,,,Reading,Grade 5,2025-26,Summative,section-label-style,low,fact.section uses bare style (e.g. 'Section B') while 371 other items use 'Sec Section B' style — inconsistent section labels across items of the same physical section
7925712492,Genre Study: Nonfiction: Weekly Assessment: Week 1,,,Reading,Grade 5,2025-26,Summative,section-label-style,low,fact.section uses bare style (e.g. 'Section B') while 371 other items use 'Sec Section B' style — inconsistent section labels across items of the same physical section
7928758505,Chapter 10 Test: Addition and Subtraction Relationships,,,Math,Grade 1,2025-26,Summative,section-label-style,low,fact.section uses bare style (e.g. 'Section B') while 371 other items use 'Sec Section B' style — inconsistent section labels across items of the same physical section
7928760589,Chapter 10 Test: Addition and Subtraction Relationships,,,Math,Grade 1,2025-26,Summative,section-label-style,low,fact.section uses bare style (e.g. 'Section B') while 371 other items use 'Sec Section B' style — inconsistent section labels across items of the same physical section
7928760644,Chapter 16 Test: Graphing,,,Math,Grade 1,2025-26,Summative,section-label-style,low,fact.section uses bare style (e.g. 'Section B') while 371 other items use 'Sec Section B' style — inconsistent section labels across items of the same physical section
7928762314,Chapter 10 Test: Addition and Subtraction Relationships,,,Math,Grade 1,2025-26,Summative,section-label-style,low,fact.section uses bare style (e.g. 'Section B') while 371 other items use 'Sec Section B' style — inconsistent section labels across items of the same physical section
7928762324,Chapter 11 Test: Geometry: Three-Dimensional Solids,,,Math,Grade 1,2025-26,Summative,section-label-style,low,fact.section uses bare style (e.g. 'Section B') while 371 other items use 'Sec Section B' style — inconsistent section labels across items of the same physical section
7968011166,"Chapter 8 Test: Count, Represent, and Compare Numbers Through 20",,,Math,Grade K,2025-26,Summative,section-label-style,low,fact.section uses bare style (e.g. 'Section B') while 371 other items use 'Sec Section B' style — inconsistent section labels across items of the same physical section
7968011177,Chapter 9 Test: Put Together and Take Apart Numbers to 5,,,Math,Grade K,2025-26,Summative,section-label-style,low,fact.section uses bare style (e.g. 'Section B') while 371 other items use 'Sec Section B' style — inconsistent section labels across items of the same physical section
7968011194,Chapter 11 Test: Addition Up to 5,,,Math,Grade K,2025-26,Summative,section-label-style,low,fact.section uses bare style (e.g. 'Section B') while 371 other items use 'Sec Section B' style — inconsistent section labels across items of the same physical section
7968011212,Chapter 13 Test: Addition Up to 10,,,Math,Grade K,2025-26,Summative,section-label-style,low,fact.section uses bare style (e.g. 'Section B') while 371 other items use 'Sec Section B' style — inconsistent section labels across items of the same physical section
7968012258,"Chapter 8 Test: Count, Represent, and Compare Numbers Through 20",,,Math,Grade K,2025-26,Summative,section-label-style,low,fact.section uses bare style (e.g. 'Section B') while 371 other items use 'Sec Section B' style — inconsistent section labels across items of the same physical section
7968012264,Chapter 9 Test: Put Together and Take Apart Numbers to 5,,,Math,Grade K,2025-26,Summative,section-label-style,low,fact.section uses bare style (e.g. 'Section B') while 371 other items use 'Sec Section B' style — inconsistent section labels across items of the same physical section
7968012277,Chapter 11 Test: Addition Up to 5,,,Math,Grade K,2025-26,Summative,section-label-style,low,fact.section uses bare style (e.g. 'Section B') while 371 other items use 'Sec Section B' style — inconsistent section labels across items of the same physical section
7968013365,Chapter 9 Test: Put Together and Take Apart Numbers to 5,,,Math,Grade K,2025-26,Summative,section-label-style,low,fact.section uses bare style (e.g. 'Section B') while 371 other items use 'Sec Section B' style — inconsistent section labels across items of the same physical section
7968013389,Chapter 13 Test: Addition Up to 10,,,Math,Grade K,2025-26,Summative,section-label-style,low,fact.section uses bare style (e.g. 'Section B') while 371 other items use 'Sec Section B' style — inconsistent section labels across items of the same physical section
8007279499,Chapter 2 Test: Count by Tens and Ones,,,Math,Grade 1,2025-26,Summative,section-label-style,low,fact.section uses bare style (e.g. 'Section B') while 371 other items use 'Sec Section B' style — inconsistent section labels across items of the same physical section
8007279599,Chapter 5 Test: Subtraction Concepts,,,Math,Grade 1,2025-26,Summative,section-label-style,low,fact.section uses bare style (e.g. 'Section B') while 371 other items use 'Sec Section B' style — inconsistent section labels across items of the same physical section
8029128083,Module Assessment: Nice to Meet You!,,,Reading,Grade 1,2025-26,Summative,section-label-style,low,fact.section uses bare style (e.g. 'Section B') while 371 other items use 'Sec Section B' style — inconsistent section labels across items of the same physical section
8057774521,Chapter 4 Test: Addition Concepts,,,Math,Grade 1,2025-26,Summative,section-label-style,low,fact.section uses bare style (e.g. 'Section B') while 371 other items use 'Sec Section B' style — inconsistent section labels across items of the same physical section
8057776553,Chapter 4 Test: Addition Concepts,,,Math,Grade 1,2025-26,Summative,section-label-style,low,fact.section uses bare style (e.g. 'Section B') while 371 other items use 'Sec Section B' style — inconsistent section labels across items of the same physical section
8081658865,"My Family, My Community: Weekly Assessment: Week 2",,,Reading,Grade 1,2025-26,Summative,section-label-style,low,fact.section uses bare style (e.g. 'Section B') while 371 other items use 'Sec Section B' style — inconsistent section labels across items of the same physical section
8090018352,Module Assessment: Wild West,,,Reading,Grade 5,2025-26,Summative,section-label-style,low,fact.section uses bare style (e.g. 'Section B') while 371 other items use 'Sec Section B' style — inconsistent section labels across items of the same physical section
8090064660,Heroic Feats: Weekly Assessment: Week 2,,,Reading,Grade 4,2025-26,Summative,section-label-style,low,fact.section uses bare style (e.g. 'Section B') while 371 other items use 'Sec Section B' style — inconsistent section labels across items of the same physical section
8113197725,Amazing Animals: Weekly Assessment: Week 3,,,Reading,Grade 1,2025-26,Summative,section-label-style,low,fact.section uses bare style (e.g. 'Section B') while 371 other items use 'Sec Section B' style — inconsistent section labels across items of the same physical section
8136542006,Chapter 8 Test: Fraction Equivalence,,,Math,Grade 4,2025-26,Summative,section-label-style,low,fact.section uses bare style (e.g. 'Section B') while 371 other items use 'Sec Section B' style — inconsistent section labels across items of the same physical section
8137777038,Teamwork: Weekly Assessment: Week 2,,,Reading,Grade 3,2025-26,Summative,section-label-style,low,fact.section uses bare style (e.g. 'Section B') while 371 other items use 'Sec Section B' style — inconsistent section labels across items of the same physical section
8142224310,Module Assessment: Teamwork,,,Reading,Grade 3,2025-26,Summative,section-label-style,low,fact.section uses bare style (e.g. 'Section B') while 371 other items use 'Sec Section B' style — inconsistent section labels across items of the same physical section
8200418372,Module 6 Assessment: Celebrate America,,,Reading,Grade 1,2025-26,Summative,section-label-style,low,fact.section uses bare style (e.g. 'Section B') while 371 other items use 'Sec Section B' style — inconsistent section labels across items of the same physical section
8235183921,Module Assessment: The Big Outdoors,,,Reading,Grade 1,2025-26,Summative,section-label-style,low,fact.section uses bare style (e.g. 'Section B') while 371 other items use 'Sec Section B' style — inconsistent section labels across items of the same physical section
8235188190,The Big Outdoors: Weekly Assessment: Week 3,,,Reading,Grade 1,2025-26,Summative,section-label-style,low,fact.section uses bare style (e.g. 'Section B') while 371 other items use 'Sec Section B' style — inconsistent section labels across items of the same physical section
8236181360,Chapter 7 Test: Subtraction Strategies,,,Math,Grade 1,2025-26,Summative,section-label-style,low,fact.section uses bare style (e.g. 'Section B') while 371 other items use 'Sec Section B' style — inconsistent section labels across items of the same physical section
8236188852,Chapter 7 Test: Subtraction Strategies,,,Math,Grade 1,2025-26,Summative,section-label-style,low,fact.section uses bare style (e.g. 'Section B') while 371 other items use 'Sec Section B' style — inconsistent section labels across items of the same physical section
8236194123,Chapter 7 Test: Subtraction Strategies,,,Math,Grade 1,2025-26,Summative,section-label-style,low,fact.section uses bare style (e.g. 'Section B') while 371 other items use 'Sec Section B' style — inconsistent section labels across items of the same physical section
8238528508,Chapter 11 Test: Understand Perimeter,,,Math,Grade 3,2025-26,Summative,section-label-style,low,fact.section uses bare style (e.g. 'Section B') while 371 other items use 'Sec Section B' style — inconsistent section labels across items of the same physical section
8260817191,Module Assessment: Food for Thought,,,Reading,Grade 4,2025-26,Summative,section-label-style,low,fact.section uses bare style (e.g. 'Section B') while 371 other items use 'Sec Section B' style — inconsistent section labels across items of the same physical section
8261135064,Module 5 Assessment: I Can Do It!,,,Reading,Grade K,2025-26,Summative,section-label-style,low,fact.section uses bare style (e.g. 'Section B') while 371 other items use 'Sec Section B' style — inconsistent section labels across items of the same physical section
8280268445,Global Guardians: Weekly Assessment: Week 2,,,Reading,Grade 4,2025-26,Summative,section-label-style,low,fact.section uses bare style (e.g. 'Section B') while 371 other items use 'Sec Section B' style — inconsistent section labels across items of the same physical section
8320521456,Module Assessment: From Farm to Table,,,Reading,Grade 3,2025-26,Summative,section-label-style,low,fact.section uses bare style (e.g. 'Section B') while 371 other items use 'Sec Section B' style — inconsistent section labels across items of the same physical section
8330150615,The Lives of Animals: Weekly Assessment: Week 1,,,Reading,Grade 5,2025-26,Summative,section-label-style,low,fact.section uses bare style (e.g. 'Section B') while 371 other items use 'Sec Section B' style — inconsistent section labels across items of the same physical section
8344396343,Module Assessment: The Lives of Animals,,,Reading,Grade 5,2025-26,Summative,section-label-style,low,fact.section uses bare style (e.g. 'Section B') while 371 other items use 'Sec Section B' style — inconsistent section labels across items of the same physical section
8362774867,Chapter 18 Test: Three-Dimensional Solids,,,Math,Grade K,2025-26,Summative,section-label-style,low,fact.section uses bare style (e.g. 'Section B') while 371 other items use 'Sec Section B' style — inconsistent section labels across items of the same physical section
8394290162,Module Assessment: Genre Study: Literary Texts,,,Reading,Grade 1,2025-26,Summative,section-label-style,low,fact.section uses bare style (e.g. 'Section B') while 371 other items use 'Sec Section B' style — inconsistent section labels across items of the same physical section
7929054690,What Makes Us Who We Are?: Weekly Assessment: Week 2,Section A,"Ashlyn Berggren, Sitara Qalander",Reading,Grade 4,2025-26,Weekly Test,split-assessment + cube-collapse,critical,"Fact rows split 15 students/Summative vs 3 students/Weekly Test (all 10 questions in both buckets); dim_subject has 2 rows for the same assessment (Summative twin 07a8a60f... is orphaned, no dim_item); cube_question_summary attributes questions 1,2,3,4,6,7,9 to the Summative subject_id and 5,8,10 to the Weekly Test one — neither report entry shows the full assessment"
7935427756,Chapter 1 Test: Place Value,Section B,"Kristine Grace, Sitara Qalander, MaryBeth Taylor",Math,Grade 3,2025-26,Chap Test,stray-assessment-type,low,Real chapter test (13 students) typed 'Chap Test' while 218 sibling chapter tests are 'Summative' — excluded from Summative-filtered views
7968011100,"Chapter 1 Test: Count, Write, and Represent 1 Through 4",Section B,"Erin Cory, Sitara Qalander, MaryBeth Taylor",Math,Grade K,2025-26,Chap Test,stray-assessment-type,low,Real chapter test (13 students) typed 'Chap Test'
7968012208,"Chapter 1 Test: Count, Write, and Represent 1 Through 4",Section C,"Lindsay Anderson, Sitara Qalander, MaryBeth Taylor",Math,Grade K,2025-26,Chap Test,stray-assessment-type,low,Real chapter test (14 students) typed 'Chap Test'
