school_name,norm_name,session,subject,grade,assessment_type,n_items,item_ids,students,bucket_role,n_subject_ids_in_bucket
Athenian Academy of Technology and the Arts,"above, below, and beyond: weekly assessment: week 2",2024-25,ELA,Grade 5,Assessments,1,7789365059,20,majority,1
Athenian Academy of Technology and the Arts,"above, below, and beyond: weekly assessment: week 2",2024-25,ELA,Grade 5,Lesson  Assessments,1,7789371643,18,minority,1
Athenian Academy of Technology and the Arts,art everywhere: weekly assessment: week 1,2024-25,ELA,Grade 4,Lesson  Assessments,1,7334764745,22,majority,1
Athenian Academy of Technology and the Arts,art everywhere: weekly assessment: week 1,2024-25,ELA,Grade 4,Assessments,1,7334764054,17,minority,1
Athenian Academy of Technology and the Arts,chapter 16 temperature and time,2024-25,Math,Grade 4,Lesson  Assessments,1,7789640645,21,majority,1
Athenian Academy of Technology and the Arts,chapter 16 temperature and time,2024-25,Math,Grade 4,Assessments,1,7789645215,20,minority,1
Athenian Academy of Technology and the Arts,chapter 19,2024-25,Math,Grade K,Assessments,2,7594791651|7702559192,39,majority,1
Athenian Academy of Technology and the Arts,chapter 19,2024-25,Math,Grade K,Lesson  Assessments,1,7702561241,20,minority,1
Athenian Academy of Technology and the Arts,everyone has a story: weekly assessment: week 2,2024-25,ELA,Grade 2,Lesson  Assessments,2,7334679809|7334680804,35,majority,1
Athenian Academy of Technology and the Arts,everyone has a story: weekly assessment: week 2,2024-25,ELA,Grade 2,Assessments,1,7334678220,19,minority,1
Athenian Academy of Technology and the Arts,inspired by nature unit test,2024-25,ELA,Grade 7,Lesson Assessments,1,7797146594,29,majority,1
Athenian Academy of Technology and the Arts,inspired by nature unit test,2024-25,ELA,Grade 7,Lesson  Assessments,1,7797146594,1,minority,1
Athenian Academy of Technology and the Arts,m5m1vocabulary quiz,2024-25,ELA,Grade 3,Assessments,2,7687592490|7688416594,39,majority,1
Athenian Academy of Technology and the Arts,m5m1vocabulary quiz,2024-25,ELA,Grade 3,Lesson  Assessments,1,7689301066,20,minority,1
Athenian Academy of Technology and the Arts,m5w1 vocab quiz,2024-25,ELA,Grade 5,Assessments,1,7688014588,19,majority,1
Athenian Academy of Technology and the Arts,m5w1 vocab quiz,2024-25,ELA,Grade 5,Lesson  Assessments,1,7687967795,19,minority,1
Athenian Academy of Technology and the Arts,m7w2 vocab quiz,2024-25,ELA,Grade 5,Assessments,1,7789257999,19,majority,1
Athenian Academy of Technology and the Arts,m7w2 vocab quiz,2024-25,ELA,Grade 5,Lesson  Assessments,1,7789275406,18,minority,1
Athenian Academy of Technology and the Arts,module 7 week 2 vocabulary quiz,2024-25,ELA,Grade 2,Lesson  Assessments,2,7445551772|7787922452,35,majority,1
Athenian Academy of Technology and the Arts,module 7 week 2 vocabulary quiz,2024-25,ELA,Grade 2,Assessments,1,7787916956,19,minority,1
Athenian Academy of Technology and the Arts,module assessment: once upon a time,2024-25,ELA,Grade 2,Lesson  Assessments,2,7334677961|7334679551,27,majority,1
Athenian Academy of Technology and the Arts,module assessment: once upon a time,2024-25,ELA,Grade 2,Assessments,2,7334677961|7334680580,21,minority,1
Athenian Academy of Technology and the Arts,module assessment: stories on stage,2024-25,ELA,Grade 3,Lesson  Assessments,2,7334740293|7334741824,38,majority,1
Athenian Academy of Technology and the Arts,module assessment: stories on stage,2024-25,ELA,Grade 3,Assessments,2,7334738908|7334741824,21,minority,1
Athenian Academy of Technology and the Arts,module assessment: use your words,2024-25,ELA,Grade 3,Unit-Chap  Assessments,2,7334738663|7334741481,38,majority,1
Athenian Academy of Technology and the Arts,module assessment: use your words,2024-25,ELA,Grade 3,Lesson  Assessments,1,7334739781,18,minority,1
Athenian Academy of Technology and the Arts,"now you see it, now you don't: weekly assessment: week 1",2024-25,ELA,Grade 1,Assessments,2,7334632768|7334633906,39,majority,1
Athenian Academy of Technology and the Arts,"now you see it, now you don't: weekly assessment: week 1",2024-25,ELA,Grade 1,Lesson  Assessments,1,7334635223,17,minority,1
Athenian Academy of Technology and the Arts,project earth: weekly assessment: week 1,2024-25,ELA,Grade 5,Assessments,1,7337889517,19,majority,1
Athenian Academy of Technology and the Arts,project earth: weekly assessment: week 1,2024-25,ELA,Grade 5,Lesson  Assessments,1,7337889366,18,minority,1
Athenian Academy of Technology and the Arts,quarter 3 quiz #1,2024-25,Civics,Grade 8,Assessments,1,7676516420,15,majority,1
Athenian Academy of Technology and the Arts,quarter 3 quiz #1,2024-25,Civics,Grade 8,Lesson  Assessments,1,7676516420,1,minority,1
Athenian Academy of Technology and the Arts,quarter 4 quiz 2,2024-25,History,Grade 7,Lesson  Assessments,1,7789244025,27,majority,1
Athenian Academy of Technology and the Arts,quarter 4 quiz 2,2024-25,History,Grade 7,Assessments,1,7789244025,1,minority,1
Athenian Academy of Technology and the Arts,teamwork: weekly assessment: week 1,2024-25,ELA,Grade 3,Assessments,2,7334738943|7334741890,39,majority,1
Athenian Academy of Technology and the Arts,teamwork: weekly assessment: week 1,2024-25,ELA,Grade 3,Lesson  Assessments,1,7334740354,20,minority,1
Athenian Academy of Technology and the Arts,the big outdoors: weekly assessment: week 2,2024-25,ELA,Grade 1,Assessments,2,7789311174|7789322750,36,majority,1
Athenian Academy of Technology and the Arts,the big outdoors: weekly assessment: week 2,2024-25,ELA,Grade 1,Lesson  Assessments,1,7789295582,19,minority,1
Athenian Academy of Technology and the Arts,tricksters and tall tales: weekly assessment: week 2,2024-25,ELA,Grade 4,Lesson  Assessments,1,7789352689,21,majority,1
Athenian Academy of Technology and the Arts,tricksters and tall tales: weekly assessment: week 2,2024-25,ELA,Grade 4,Assessments,1,7789344259,20,minority,1
Athenian Academy of Technology and the Arts,unit 4 benchmark test: day and night,2024-25,Science,Grade K,Assessments,3,7466000203|7466003785|7466003803,37,majority,1
Athenian Academy of Technology and the Arts,unit 4 benchmark test: day and night,2024-25,Science,Grade K,Lesson  Assessments,1,7466000203,20,minority,1
Athenian Academy of Technology and the Arts,unit 4 benchmark test: earth?s resources,2024-25,Science,Grade 1,Assessments,2,7338364890|7338365111,35,majority,1
Athenian Academy of Technology and the Arts,unit 4 benchmark test: earth?s resources,2024-25,Science,Grade 1,Lesson  Assessments,1,7338364983,19,minority,1
Athenian Academy of Technology and the Arts,unit 4 benchmark test: weather,2024-25,Science,Grade 2,Unit-Chap  Assessments,2,7338394473|7338394563,32,majority,1
Athenian Academy of Technology and the Arts,unit 4 benchmark test: weather,2024-25,Science,Grade 2,Lesson  Assessments,1,7338394693,19,minority,1
Athenian Academy of Technology and the Arts,unit 5 benchmark test: all about matter,2024-25,Science,Grade 2,Lesson  Assessments,2,7338394577|7338394701,35,majority,1
Athenian Academy of Technology and the Arts,unit 5 benchmark test: all about matter,2024-25,Science,Grade 2,Assessments,1,7338394479,19,minority,1
Athenian Academy of Technology and the Arts,unit 6 benchmark test: heat sources,2024-25,Science,Grade 3,Lesson  Assessments,2,7338399368|7338399397,40,majority,1
Athenian Academy of Technology and the Arts,unit 6 benchmark test: heat sources,2024-25,Science,Grade 3,Unit-Chap  Assessments,1,7338399433,19,minority,1
Athenian Academy of Technology and the Arts,unit 8 benchmark test: living things and their parents,2024-25,Science,Grade 1,Unit-Chap  Assessments,3,7338364921|7338365038|7338365160,37,majority,1
Athenian Academy of Technology and the Arts,unit 8 benchmark test: living things and their parents,2024-25,Science,Grade 1,Lesson  Assessments,1,7338364921,16,minority,1
Athenian Academy of Technology and the Arts,unit 9 benchmark test: plant and animal needs,2024-25,Science,Grade 1,Unit-Chap  Assessments,3,7338364925|7338365058|7338365172,33,majority,1
Athenian Academy of Technology and the Arts,unit 9 benchmark test: plant and animal needs,2024-25,Science,Grade 1,Lesson  Assessments,1,7338364925,17,minority,1
Athenian Academy of Technology and the Arts,unit 9 benchmark test: the human body,2024-25,Science,Grade 2,Assessments,2,7338394510|7338394624,34,majority,1
Athenian Academy of Technology and the Arts,unit 9 benchmark test: the human body,2024-25,Science,Grade 2,Lesson  Assessments,1,7338394737,20,minority,1
Central Florida Preparatory School,topic 6: the constitution protects your rights: defend all rights,2025-26,Civics,Grade 7,Summative,1,8140495693,16,majority,1
Central Florida Preparatory School,topic 6: the constitution protects your rights: defend all rights,2025-26,Civics,Grade 7,topic,1,8140495629,16,minority,1
Central Florida Preparatory School,topic 9: civilizations of east asia and southeast asia (250 bce - 1644 ce),2025-26,History,Grade 6,topic,1,8352495237,21,majority,1
Central Florida Preparatory School,topic 9: civilizations of east asia and southeast asia (250 bce - 1644 ce),2025-26,History,Grade 6,Summative,1,8352494723,19,minority,1
Crestwell School,what makes us who we are?: weekly assessment: week 2,2025-26,Reading,Grade 4,Summative,1,7929054690,15,majority,1
Crestwell School,what makes us who we are?: weekly assessment: week 2,2025-26,Reading,Grade 4,Weekly Test,1,7929054690,3,minority,1
